Datetime,Close_bid,High_bid,Low_bid,Open_bid,Close,High,Low,Open,Close_ask,High_ask,Low_ask,Open_ask,Volume,Close_spread,Open_spread,High_spread,Low_spread
2025-03-09 22:00:00+00:00,5722.7,5740.7,5720.2,5731.7,5723.0,5741.0,5720.6,5732.3,5723.2,5741.2,5720.9,5732.9,1586,0.5,1.2,0.5,0.7
2025-03-09 22:15:00+00:00,5726.9,5732.2,5716.7,5722.4,5727.2,5732.6,5717.0,5722.6,5727.4,5732.9,5717.2,5722.9,1232,0.5,0.5,0.7,0.5
2025-03-09 22:30:00+00:00,5731.7,5734.7,5724.4,5727.0,5732.0,5735.0,5724.6,5727.4,5732.2,5735.2,5724.9,5727.7,819,0.5,0.7,0.5,0.5
2025-03-09 22:45:00+00:00,5721.2,5735.2,5721.2,5732.2,5721.6,5735.4,5721.4,5732.4,5721.9,5735.7,5721.7,5732.7,627,0.7,0.5,0.5,0.5
2025-03-09 23:00:00+00:00,5721.9,5725.7,5703.9,5721.4,5722.2,5726.0,5704.2,5721.6,5722.4,5726.4,5704.4,5721.9,1437,0.5,0.5,0.7,0.5
2025-03-09 23:15:00+00:00,5729.2,5731.7,5720.4,5722.4,5729.4,5732.0,5720.6,5722.6,5729.7,5732.2,5720.9,5722.9,666,0.5,0.5,0.5,0.5
2025-03-09 23:30:00+00:00,5726.7,5730.7,5725.5,5728.9,5727.0,5731.0,5725.8,5729.2,5727.2,5731.4,5726.2,5729.4,533,0.5,0.5,0.7,0.7
2025-03-09 23:45:00+00:00,5726.9,5728.2,5721.9,5726.4,5727.2,5728.6,5722.2,5726.6,5727.4,5728.9,5722.4,5726.9,705,0.5,0.5,0.7,0.5
2025-03-10 00:00:00+00:00,5729.2,5733.2,5722.9,5726.4,5729.4,5733.4,5723.2,5726.6,5729.7,5733.7,5723.4,5726.9,1264,0.5,0.5,0.5,0.5
2025-03-10 00:15:00+00:00,5722.9,5729.0,5719.7,5729.0,5723.2,5729.4,5720.0,5729.4,5723.4,5729.7,5720.4,5729.7,1072,0.5,0.7,0.7,0.7
2025-03-10 00:30:00+00:00,5728.2,5729.4,5721.4,5723.0,5728.4,5729.6,5721.6,5723.4,5728.7,5729.9,5721.9,5723.7,680,0.5,0.7,0.5,0.5
2025-03-10 00:45:00+00:00,5731.9,5732.2,5726.2,5727.9,5732.2,5732.4,5726.6,5728.2,5732.4,5732.7,5726.9,5728.4,408,0.5,0.5,0.5,0.7
2025-03-10 01:00:00+00:00,5736.7,5738.5,5730.9,5732.0,5737.0,5738.8,5731.2,5732.4,5737.2,5739.2,5731.4,5732.7,516,0.5,0.7,0.7,0.5
2025-03-10 01:15:00+00:00,5734.2,5737.2,5733.9,5736.4,5734.4,5737.6,5734.2,5736.6,5734.7,5737.9,5734.4,5736.9,499,0.5,0.5,0.7,0.5
2025-03-10 01:30:00+00:00,5740.2,5743.9,5734.0,5734.0,5740.4,5744.2,5734.4,5734.4,5740.7,5744.4,5734.7,5734.7,411,0.5,0.7,0.5,0.7
2025-03-10 01:45:00+00:00,5745.4,5745.9,5738.7,5740.2,5745.6,5746.2,5739.0,5740.6,5745.9,5746.4,5739.4,5740.9,380,0.5,0.7,0.5,0.7
2025-03-10 02:00:00+00:00,5743.9,5746.2,5741.9,5744.9,5744.2,5746.4,5742.2,5745.2,5744.4,5746.7,5742.4,5745.4,382,0.5,0.5,0.5,0.5
2025-03-10 02:15:00+00:00,5742.9,5745.7,5741.7,5743.7,5743.2,5746.0,5742.0,5744.0,5743.4,5746.2,5742.2,5744.4,302,0.5,0.7,0.5,0.5
2025-03-10 02:30:00+00:00,5746.2,5748.4,5741.7,5742.4,5746.4,5748.6,5742.0,5742.6,5746.7,5748.9,5742.2,5742.9,303,0.5,0.5,0.5,0.5
2025-03-10 02:45:00+00:00,5745.9,5747.7,5744.2,5745.9,5746.2,5748.0,5744.4,5746.2,5746.4,5748.4,5744.7,5746.4,237,0.5,0.5,0.7,0.5
2025-03-10 03:00:00+00:00,5741.7,5747.7,5740.4,5745.4,5742.0,5748.0,5740.6,5745.6,5742.2,5748.2,5740.9,5745.9,403,0.5,0.5,0.5,0.5
2025-03-10 03:15:00+00:00,5738.7,5743.2,5738.2,5741.5,5739.0,5743.4,5738.6,5741.8,5739.2,5743.7,5738.9,5742.2,361,0.5,0.7,0.5,0.7
2025-03-10 03:30:00+00:00,5745.9,5745.9,5738.0,5738.2,5746.2,5746.2,5738.4,5738.4,5746.4,5746.4,5738.7,5738.7,284,0.5,0.5,0.5,0.7
2025-03-10 03:45:00+00:00,5744.2,5748.2,5743.9,5745.7,5744.6,5748.4,5744.2,5746.0,5744.9,5748.7,5744.4,5746.4,251,0.7,0.7,0.5,0.5
2025-03-10 04:00:00+00:00,5747.9,5748.2,5743.2,5744.4,5748.2,5748.4,5743.6,5744.6,5748.4,5748.7,5743.9,5744.9,206,0.5,0.5,0.5,0.7
2025-03-10 04:15:00+00:00,5749.9,5750.7,5747.2,5748.0,5750.2,5751.0,5747.4,5748.4,5750.4,5751.2,5747.7,5748.7,196,0.5,0.7,0.5,0.5
2025-03-10 04:30:00+00:00,5743.9,5749.7,5743.0,5749.4,5744.2,5750.0,5743.4,5749.6,5744.4,5750.2,5743.7,5749.9,287,0.5,0.5,0.5,0.7
2025-03-10 04:45:00+00:00,5739.2,5744.7,5738.4,5743.4,5739.6,5745.0,5738.6,5743.6,5739.9,5745.4,5738.9,5743.9,275,0.7,0.5,0.7,0.5
2025-03-10 05:00:00+00:00,5742.4,5743.4,5739.2,5739.2,5742.6,5743.6,5739.4,5739.4,5742.9,5743.9,5739.7,5739.7,293,0.5,0.5,0.5,0.5
2025-03-10 05:15:00+00:00,5745.2,5746.4,5741.9,5742.7,5745.4,5746.6,5742.2,5743.0,5745.7,5746.9,5742.4,5743.2,208,0.5,0.5,0.5,0.5
2025-03-10 05:30:00+00:00,5740.4,5746.0,5740.4,5745.7,5740.6,5746.4,5740.6,5746.0,5740.9,5746.7,5740.9,5746.2,375,0.5,0.5,0.7,0.5
2025-03-10 05:45:00+00:00,5737.4,5741.9,5734.7,5740.2,5737.6,5742.2,5735.0,5740.6,5737.9,5742.4,5735.4,5740.9,386,0.5,0.7,0.5,0.7
2025-03-10 06:00:00+00:00,5742.7,5743.0,5737.7,5737.7,5743.0,5743.4,5738.0,5738.0,5743.2,5743.7,5738.2,5738.2,267,0.5,0.5,0.7,0.5
2025-03-10 06:15:00+00:00,5742.9,5745.4,5741.9,5742.4,5743.2,5745.6,5742.2,5742.6,5743.4,5745.9,5742.4,5742.9,300,0.5,0.5,0.5,0.5
2025-03-10 06:30:00+00:00,5742.7,5745.2,5740.7,5742.4,5743.0,5745.4,5741.0,5742.6,5743.2,5745.7,5741.4,5742.9,317,0.5,0.5,0.5,0.7
2025-03-10 06:45:00+00:00,5741.5,5743.7,5740.5,5743.2,5741.8,5744.0,5740.8,5743.4,5742.2,5744.4,5741.2,5743.7,262,0.7,0.5,0.7,0.7
2025-03-10 07:00:00+00:00,5743.2,5747.2,5741.2,5741.7,5743.4,5747.4,5741.6,5742.0,5743.7,5747.7,5741.9,5742.2,558,0.5,0.5,0.5,0.7
2025-03-10 07:15:00+00:00,5737.9,5743.2,5735.7,5743.2,5738.2,5743.6,5736.0,5743.6,5738.4,5743.9,5736.2,5743.9,623,0.5,0.7,0.7,0.5
2025-03-10 07:30:00+00:00,5742.2,5744.2,5736.2,5737.7,5742.4,5744.6,5736.4,5738.0,5742.7,5744.9,5736.7,5738.4,560,0.5,0.7,0.7,0.5
2025-03-10 07:45:00+00:00,5736.7,5741.9,5736.2,5741.9,5737.0,5742.2,5736.6,5742.2,5737.2,5742.4,5736.9,5742.4,607,0.5,0.5,0.5,0.7
2025-03-10 08:00:00+00:00,5723.4,5741.7,5722.9,5737.9,5723.6,5742.0,5723.2,5738.2,5723.9,5742.2,5723.4,5738.4,1903,0.5,0.5,0.5,0.5
2025-03-10 08:15:00+00:00,5725.9,5727.9,5718.4,5723.2,5726.2,5728.2,5718.6,5723.6,5726.4,5728.4,5718.9,5723.9,1820,0.5,0.7,0.5,0.5
2025-03-10 08:30:00+00:00,5708.7,5726.5,5707.7,5726.2,5709.0,5726.8,5708.0,5726.4,5709.4,5727.2,5708.2,5726.7,1621,0.7,0.5,0.7,0.5
2025-03-10 08:45:00+00:00,5699.2,5712.7,5696.7,5708.7,5699.4,5713.0,5697.0,5709.0,5699.7,5713.4,5697.2,5709.2,1973,0.5,0.5,0.7,0.5
2025-03-10 09:00:00+00:00,5700.0,5709.2,5696.4,5698.9,5700.4,5709.4,5696.6,5699.2,5700.7,5709.7,5696.9,5699.4,1522,0.7,0.5,0.5,0.5
2025-03-10 09:15:00+00:00,5714.2,5718.2,5699.5,5699.9,5714.4,5718.4,5699.8,5700.2,5714.7,5718.7,5700.2,5700.4,1500,0.5,0.5,0.5,0.7
2025-03-10 09:30:00+00:00,5722.4,5724.2,5713.9,5714.2,5722.6,5724.4,5714.2,5714.6,5722.9,5724.7,5714.4,5714.9,876,0.5,0.7,0.5,0.5
2025-03-10 09:45:00+00:00,5712.2,5724.7,5707.2,5721.9,5712.6,5725.0,5707.6,5722.2,5712.9,5725.2,5707.9,5722.4,1378,0.7,0.5,0.5,0.7
2025-03-10 10:00:00+00:00,5710.9,5718.2,5708.4,5712.4,5711.2,5718.6,5708.6,5712.6,5711.4,5718.9,5708.9,5712.9,1271,0.5,0.5,0.7,0.5
2025-03-10 10:15:00+00:00,5707.2,5711.7,5705.2,5710.7,5707.4,5712.0,5705.6,5711.0,5707.7,5712.4,5705.9,5711.4,1195,0.5,0.7,0.7,0.7
2025-03-10 10:30:00+00:00,5702.7,5712.2,5701.2,5706.7,5703.0,5712.4,5701.4,5707.0,5703.2,5712.7,5701.7,5707.2,862,0.5,0.5,0.5,0.5
2025-03-10 10:45:00+00:00,5702.2,5707.7,5699.5,5702.7,5702.4,5708.0,5699.8,5703.0,5702.7,5708.2,5700.2,5703.4,813,0.5,0.7,0.5,0.7
2025-03-10 11:00:00+00:00,5708.4,5710.2,5696.9,5702.2,5708.6,5710.4,5697.2,5702.6,5708.9,5710.7,5697.4,5702.9,2679,0.5,0.7,0.5,0.5
2025-03-10 11:15:00+00:00,5713.7,5716.4,5704.7,5707.9,5714.0,5716.6,5705.0,5708.2,5714.2,5716.9,5705.2,5708.4,1265,0.5,0.5,0.5,0.5
2025-03-10 11:30:00+00:00,5704.2,5715.0,5701.9,5713.7,5704.4,5715.4,5702.2,5714.0,5704.7,5715.7,5702.4,5714.4,934,0.5,0.7,0.7,0.5
2025-03-10 11:45:00+00:00,5700.2,5708.2,5695.4,5704.7,5700.4,5708.4,5695.6,5705.0,5700.7,5708.7,5695.9,5705.2,1166,0.5,0.5,0.5,0.5
2025-03-10 12:00:00+00:00,5690.2,5700.9,5684.9,5700.7,5690.4,5701.2,5685.2,5701.0,5690.7,5701.4,5685.4,5701.2,1364,0.5,0.5,0.5,0.5
2025-03-10 12:15:00+00:00,5687.2,5696.9,5686.9,5689.9,5687.6,5697.2,5687.2,5690.2,5687.9,5697.4,5687.4,5690.4,1004,0.7,0.5,0.5,0.5
2025-03-10 12:30:00+00:00,5689.7,5690.7,5680.9,5687.2,5690.0,5691.0,5681.2,5687.4,5690.2,5691.2,5681.4,5687.7,1180,0.5,0.5,0.5,0.5
2025-03-10 12:45:00+00:00,5694.7,5695.5,5687.2,5689.4,5695.0,5695.8,5687.4,5689.6,5695.2,5696.2,5687.7,5689.9,715,0.5,0.5,0.7,0.5
2025-03-10 13:00:00+00:00,5693.2,5700.2,5684.9,5694.4,5693.4,5700.4,5685.2,5694.6,5693.7,5700.7,5685.4,5694.9,1708,0.5,0.5,0.5,0.5
2025-03-10 13:15:00+00:00,5684.9,5694.7,5683.9,5692.9,5685.2,5695.0,5684.2,5693.2,5685.4,5695.2,5684.4,5693.4,1493,0.5,0.5,0.5,0.5
2025-03-10 13:30:00+00:00,5701.0,5704.5,5672.7,5684.4,5701.2,5704.7,5672.9,5684.6,5701.4,5704.9,5673.1,5684.9,7033,0.4,0.5,0.4,0.4
2025-03-10 13:45:00+00:00,5682.7,5704.0,5676.2,5701.5,5682.9,5704.2,5676.4,5701.7,5683.1,5704.4,5676.6,5701.9,5980,0.4,0.4,0.4,0.4
2025-03-10 14:00:00+00:00,5673.0,5683.0,5665.0,5683.0,5673.2,5683.2,5665.2,5683.2,5673.4,5683.4,5665.4,5683.4,5252,0.4,0.4,0.4,0.4
2025-03-10 14:15:00+00:00,5664.5,5679.5,5661.0,5672.7,5664.7,5679.7,5661.2,5672.9,5664.9,5679.9,5661.4,5673.1,5206,0.4,0.4,0.4,0.4
2025-03-10 14:30:00+00:00,5655.0,5670.0,5652.5,5665.0,5655.2,5670.2,5652.7,5665.2,5655.4,5670.4,5652.9,5665.4,5378,0.4,0.4,0.4,0.4
2025-03-10 14:45:00+00:00,5648.7,5662.5,5640.2,5654.8,5648.9,5662.7,5640.4,5655.1,5649.1,5662.9,5640.6,5655.4,4704,0.4,0.6,0.4,0.4
2025-03-10 15:00:00+00:00,5661.2,5663.5,5649.0,5649.0,5661.4,5663.7,5649.2,5649.2,5661.6,5663.9,5649.4,5649.4,5823,0.4,0.4,0.4,0.4
2025-03-10 15:15:00+00:00,5660.7,5662.8,5648.7,5661.3,5660.9,5663.1,5648.9,5661.6,5661.1,5663.4,5649.1,5661.9,4839,0.4,0.6,0.6,0.4
2025-03-10 15:30:00+00:00,5649.2,5675.5,5646.0,5661.0,5649.4,5675.7,5646.2,5661.2,5649.6,5675.9,5646.4,5661.4,4305,0.4,0.4,0.4,0.4
2025-03-10 15:45:00+00:00,5647.7,5661.5,5646.2,5649.7,5647.9,5661.8,5646.4,5649.9,5648.1,5662.1,5646.6,5650.1,3833,0.4,0.4,0.6,0.4
2025-03-10 16:00:00+00:00,5654.2,5655.0,5643.2,5647.2,5654.4,5655.2,5643.4,5647.4,5654.6,5655.4,5643.6,5647.6,3608,0.4,0.4,0.4,0.4
2025-03-10 16:15:00+00:00,5646.7,5654.5,5633.7,5654.3,5646.9,5654.7,5633.9,5654.6,5647.1,5654.9,5634.1,5654.9,3106,0.4,0.6,0.4,0.4
2025-03-10 16:30:00+00:00,5641.2,5660.5,5636.7,5647.0,5641.4,5660.7,5636.9,5647.2,5641.6,5660.9,5637.1,5647.4,3237,0.4,0.4,0.4,0.4
2025-03-10 16:45:00+00:00,5641.5,5649.5,5640.7,5641.0,5641.7,5649.7,5640.9,5641.3,5641.9,5649.9,5641.1,5641.6,3292,0.4,0.6,0.4,0.4
2025-03-10 17:00:00+00:00,5631.5,5643.0,5622.2,5641.2,5631.7,5643.2,5622.4,5641.4,5631.9,5643.4,5622.6,5641.6,3629,0.4,0.4,0.4,0.4
2025-03-10 17:15:00+00:00,5630.0,5641.7,5628.2,5631.2,5630.2,5641.9,5628.4,5631.4,5630.4,5642.1,5628.6,5631.6,3536,0.4,0.4,0.4,0.4
2025-03-10 17:30:00+00:00,5619.0,5631.0,5614.5,5630.5,5619.2,5631.2,5614.8,5630.7,5619.4,5631.4,5615.1,5630.9,2903,0.4,0.4,0.4,0.6
2025-03-10 17:45:00+00:00,5615.5,5626.0,5612.5,5618.7,5615.7,5626.2,5612.7,5618.9,5615.9,5626.4,5612.9,5619.1,2699,0.4,0.4,0.4,0.4
2025-03-10 18:00:00+00:00,5615.2,5626.7,5605.7,5615.2,5615.4,5626.9,5605.9,5615.4,5615.6,5627.1,5606.1,5615.6,3816,0.4,0.4,0.4,0.4
2025-03-10 18:15:00+00:00,5609.7,5622.0,5605.7,5615.5,5609.9,5622.2,5605.9,5615.7,5610.1,5622.4,5606.1,5615.9,3419,0.4,0.4,0.4,0.4
2025-03-10 18:30:00+00:00,5604.5,5616.2,5598.0,5610.0,5604.7,5616.4,5598.2,5610.2,5604.9,5616.6,5598.4,5610.4,3018,0.4,0.4,0.4,0.4
2025-03-10 18:45:00+00:00,5584.5,5606.5,5582.2,5604.2,5584.7,5606.7,5582.4,5604.4,5584.9,5606.9,5582.6,5604.6,2819,0.4,0.4,0.4,0.4
2025-03-10 19:00:00+00:00,5587.7,5589.0,5567.2,5584.2,5587.9,5589.2,5567.4,5584.4,5588.1,5589.4,5567.6,5584.6,4302,0.4,0.4,0.4,0.4
2025-03-10 19:15:00+00:00,5608.5,5624.5,5585.7,5587.5,5608.7,5624.7,5585.9,5587.8,5608.9,5624.9,5586.1,5588.1,4903,0.4,0.6,0.4,0.4
2025-03-10 19:30:00+00:00,5602.7,5636.5,5602.7,5608.2,5602.9,5636.7,5602.9,5608.4,5603.1,5636.9,5603.1,5608.6,6105,0.4,0.4,0.4,0.4
2025-03-10 19:45:00+00:00,5619.7,5628.0,5602.2,5602.2,5619.9,5628.2,5602.4,5602.4,5620.1,5628.4,5602.6,5602.6,6532,0.4,0.4,0.4,0.4
2025-03-10 20:00:00+00:00,5620.9,5622.2,5609.4,5619.0,5621.2,5622.6,5609.6,5619.2,5621.4,5622.9,5609.9,5619.4,2966,0.5,0.4,0.7,0.5
2025-03-10 20:15:00+00:00,5625.2,5626.9,5619.5,5620.7,5625.4,5627.2,5619.8,5621.0,5625.7,5627.4,5620.2,5621.4,918,0.5,0.7,0.5,0.7
2025-03-10 20:30:00+00:00,5623.7,5625.7,5621.9,5624.9,5624.0,5626.0,5622.2,5625.2,5624.2,5626.4,5622.4,5625.4,616,0.5,0.5,0.7,0.5
2025-03-10 20:45:00+00:00,5624.9,5626.2,5622.9,5624.0,5625.2,5626.4,5623.2,5624.4,5625.4,5626.7,5623.4,5624.7,420,0.5,0.7,0.5,0.5
2025-03-10 22:00:00+00:00,5607.6,5620.8,5601.1,5616.6,5607.8,5621.2,5601.4,5617.1,5608.1,5621.5,5601.8,5617.6,1233,0.5,1.0,0.7,0.7
2025-03-10 22:15:00+00:00,5613.8,5616.1,5606.6,5607.6,5614.2,5616.4,5606.8,5608.0,5614.5,5616.6,5607.1,5608.3,997,0.7,0.7,0.5,0.5
2025-03-10 22:30:00+00:00,5617.1,5620.1,5611.8,5614.8,5617.4,5620.4,5612.0,5615.0,5617.6,5620.6,5612.3,5615.3,745,0.5,0.5,0.5,0.5
2025-03-10 22:45:00+00:00,5606.6,5618.3,5606.6,5617.1,5606.8,5618.6,5606.8,5617.4,5607.1,5618.8,5607.1,5617.8,723,0.5,0.7,0.5,0.5
2025-03-10 23:00:00+00:00,5600.6,5610.8,5599.1,5607.1,5601.0,5611.0,5599.4,5607.4,5601.3,5611.3,5599.8,5607.6,1032,0.7,0.5,0.5,0.7
2025-03-10 23:15:00+00:00,5595.3,5601.8,5588.1,5600.8,5595.6,5602.0,5588.4,5601.0,5595.8,5602.3,5588.6,5601.3,1604,0.5,0.5,0.5,0.5
2025-03-10 23:30:00+00:00,5594.8,5596.6,5579.8,5595.3,5595.0,5596.8,5580.0,5595.6,5595.3,5597.1,5580.3,5596.0,2035,0.5,0.7,0.5,0.5
2025-03-10 23:45:00+00:00,5597.6,5600.8,5593.8,5594.8,5597.8,5601.0,5594.2,5595.2,5598.1,5601.3,5594.5,5595.5,1131,0.5,0.7,0.5,0.7
2025-03-11 00:00:00+00:00,5590.6,5602.6,5589.6,5597.6,5591.0,5602.8,5590.0,5598.0,5591.3,5603.1,5590.3,5598.3,1507,0.7,0.7,0.5,0.7
2025-03-11 00:15:00+00:00,5595.3,5597.8,5588.8,5590.8,5595.6,5598.2,5589.0,5591.0,5595.8,5598.5,5589.3,5591.3,1385,0.5,0.5,0.7,0.5
2025-03-11 00:30:00+00:00,5581.8,5596.6,5581.1,5595.3,5582.2,5596.8,5581.4,5595.6,5582.5,5597.1,5581.8,5596.0,1255,0.7,0.7,0.5,0.7
2025-03-11 00:45:00+00:00,5568.6,5584.1,5554.3,5581.8,5569.0,5584.4,5554.6,5582.0,5569.3,5584.8,5554.8,5582.3,3135,0.7,0.5,0.7,0.5
2025-03-11 01:00:00+00:00,5559.8,5572.8,5553.6,5568.8,5560.2,5573.0,5553.8,5569.0,5560.5,5573.3,5554.1,5569.3,3049,0.7,0.5,0.5,0.5
2025-03-11 01:15:00+00:00,5570.8,5572.1,5558.1,5560.1,5571.0,5572.4,5558.4,5560.4,5571.3,5572.6,5558.8,5560.6,2084,0.5,0.5,0.5,0.7
2025-03-11 01:30:00+00:00,5581.8,5583.6,5570.1,5570.6,5582.0,5583.8,5570.4,5571.0,5582.3,5584.1,5570.8,5571.3,1670,0.5,0.7,0.5,0.7
2025-03-11 01:45:00+00:00,5581.8,5584.6,5573.8,5581.3,5582.0,5585.0,5574.0,5581.6,5582.3,5585.3,5574.3,5582.0,1474,0.5,0.7,0.7,0.5
2025-03-11 02:00:00+00:00,5600.8,5604.3,5580.1,5582.1,5601.0,5604.6,5580.4,5582.4,5601.3,5604.8,5580.6,5582.6,2408,0.5,0.5,0.5,0.5
2025-03-11 02:15:00+00:00,5607.8,5616.1,5599.1,5600.3,5608.0,5616.4,5599.4,5600.6,5608.3,5616.6,5599.8,5600.8,2986,0.5,0.5,0.5,0.7
2025-03-11 02:30:00+00:00,5607.6,5612.3,5602.8,5607.1,5607.8,5612.6,5603.0,5607.4,5608.1,5613.0,5603.3,5607.8,1711,0.5,0.7,0.7,0.5
2025-03-11 02:45:00+00:00,5608.8,5610.6,5600.8,5607.1,5609.2,5611.0,5601.2,5607.4,5609.5,5611.3,5601.5,5607.6,1277,0.7,0.5,0.7,0.7
2025-03-11 03:00:00+00:00,5628.1,5631.6,5609.3,5609.3,5628.4,5631.8,5609.6,5609.6,5628.6,5632.1,5609.8,5609.8,1984,0.5,0.5,0.5,0.5
2025-03-11 03:15:00+00:00,5622.3,5631.8,5620.3,5627.8,5622.6,5632.0,5620.6,5628.0,5623.0,5632.3,5621.0,5628.3,1073,0.7,0.5,0.5,0.7
2025-03-11 03:30:00+00:00,5622.8,5626.1,5618.8,5622.3,5623.0,5626.4,5619.0,5622.6,5623.3,5626.8,5619.3,5622.8,1043,0.5,0.5,0.7,0.5
2025-03-11 03:45:00+00:00,5619.6,5623.1,5618.3,5622.8,5619.8,5623.4,5618.6,5623.2,5620.1,5623.6,5618.8,5623.5,549,0.5,0.7,0.5,0.5
2025-03-11 04:00:00+00:00,5623.3,5624.3,5615.6,5619.3,5623.6,5624.6,5615.8,5619.6,5624.0,5624.8,5616.1,5619.8,727,0.7,0.5,0.5,0.5
2025-03-11 04:15:00+00:00,5632.3,5632.6,5623.3,5623.6,5632.6,5632.8,5623.6,5623.8,5632.8,5633.1,5623.8,5624.1,785,0.5,0.5,0.5,0.5
2025-03-11 04:30:00+00:00,5626.1,5632.8,5625.8,5632.1,5626.4,5633.0,5626.0,5632.4,5626.8,5633.3,5626.3,5632.8,531,0.7,0.7,0.5,0.5
2025-03-11 04:45:00+00:00,5625.8,5627.8,5624.6,5626.1,5626.2,5628.0,5625.0,5626.4,5626.5,5628.3,5625.3,5626.6,334,0.7,0.5,0.5,0.7
2025-03-11 05:00:00+00:00,5627.3,5627.3,5622.8,5625.8,5627.6,5627.6,5623.0,5626.0,5627.8,5628.0,5623.3,5626.3,761,0.5,0.5,0.7,0.5
2025-03-11 05:15:00+00:00,5628.6,5631.3,5626.8,5627.6,5629.0,5631.6,5627.2,5627.8,5629.3,5631.8,5627.5,5628.1,714,0.7,0.5,0.5,0.7
2025-03-11 05:30:00+00:00,5624.1,5632.1,5622.6,5629.1,5624.4,5632.4,5623.0,5629.4,5624.8,5632.6,5623.3,5629.6,664,0.7,0.5,0.5,0.7
2025-03-11 05:45:00+00:00,5629.1,5629.3,5621.1,5624.3,5629.4,5629.6,5621.4,5624.6,5629.6,5630.0,5621.8,5624.8,670,0.5,0.5,0.7,0.7
2025-03-11 06:00:00+00:00,5629.1,5629.6,5623.1,5628.8,5629.4,5629.8,5623.4,5629.0,5629.6,5630.1,5623.8,5629.3,678,0.5,0.5,0.5,0.7
2025-03-11 06:15:00+00:00,5630.1,5634.3,5626.8,5629.1,5630.4,5634.6,5627.0,5629.4,5630.8,5634.8,5627.3,5629.8,959,0.7,0.7,0.5,0.5
2025-03-11 06:30:00+00:00,5630.8,5633.6,5624.8,5630.6,5631.0,5633.8,5625.2,5631.0,5631.3,5634.1,5625.5,5631.3,617,0.5,0.7,0.5,0.7
2025-03-11 06:45:00+00:00,5625.3,5630.8,5624.6,5630.6,5625.6,5631.2,5624.8,5631.0,5625.8,5631.5,5625.1,5631.3,486,0.5,0.7,0.7,0.5
2025-03-11 07:00:00+00:00,5624.3,5628.6,5621.3,5625.6,5624.6,5628.8,5621.6,5626.0,5625.0,5629.1,5621.8,5626.3,1133,0.7,0.7,0.5,0.5
2025-03-11 07:15:00+00:00,5624.1,5627.8,5621.6,5624.6,5624.4,5628.0,5621.8,5624.8,5624.6,5628.3,5622.1,5625.1,1014,0.5,0.5,0.5,0.5
2025-03-11 07:30:00+00:00,5616.6,5625.1,5611.3,5623.8,5616.8,5625.4,5611.6,5624.0,5617.1,5625.8,5611.8,5624.3,1547,0.5,0.5,0.7,0.5
2025-03-11 07:45:00+00:00,5629.1,5632.1,5614.6,5616.3,5629.4,5632.4,5614.8,5616.6,5629.6,5632.6,5615.1,5616.8,1593,0.5,0.5,0.5,0.5
2025-03-11 08:00:00+00:00,5635.6,5636.3,5624.6,5629.1,5636.0,5636.6,5625.0,5629.4,5636.3,5636.8,5625.3,5629.8,3116,0.7,0.7,0.5,0.7
2025-03-11 08:15:00+00:00,5638.8,5639.1,5630.3,5635.8,5639.0,5639.4,5630.6,5636.0,5639.3,5639.6,5630.8,5636.3,2108,0.5,0.5,0.5,0.5
2025-03-11 08:30:00+00:00,5636.1,5639.1,5632.8,5638.3,5636.4,5639.4,5633.0,5638.6,5636.6,5639.6,5633.3,5639.0,1503,0.5,0.7,0.5,0.5
2025-03-11 08:45:00+00:00,5639.3,5639.3,5632.8,5636.1,5639.6,5639.6,5633.0,5636.4,5639.8,5639.8,5633.3,5636.8,1154,0.5,0.7,0.5,0.5
2025-03-11 09:00:00+00:00,5636.8,5642.3,5633.3,5638.8,5637.2,5642.6,5633.6,5639.2,5637.5,5642.8,5633.8,5639.5,1420,0.7,0.7,0.5,0.5
2025-03-11 09:15:00+00:00,5640.3,5640.8,5634.1,5637.1,5640.6,5641.0,5634.4,5637.4,5640.8,5641.3,5634.8,5637.6,1207,0.5,0.5,0.5,0.7
2025-03-11 09:30:00+00:00,5636.6,5640.3,5633.6,5640.1,5637.0,5640.6,5633.8,5640.4,5637.3,5641.0,5634.1,5640.8,975,0.7,0.7,0.7,0.5
2025-03-11 09:45:00+00:00,5636.1,5638.8,5633.1,5636.8,5636.4,5639.0,5633.4,5637.0,5636.8,5639.3,5633.6,5637.3,930,0.7,0.5,0.5,0.5
2025-03-11 10:00:00+00:00,5634.6,5638.6,5627.8,5636.1,5634.8,5639.0,5628.0,5636.4,5635.1,5639.3,5628.3,5636.6,1396,0.5,0.5,0.7,0.5
2025-03-11 10:15:00+00:00,5638.6,5639.6,5633.8,5634.3,5638.8,5640.0,5634.0,5634.6,5639.1,5640.3,5634.3,5634.8,845,0.5,0.5,0.7,0.5
2025-03-11 10:30:00+00:00,5634.6,5640.1,5633.8,5638.6,5634.8,5640.4,5634.0,5639.0,5635.1,5640.6,5634.3,5639.3,974,0.5,0.7,0.5,0.5
2025-03-11 10:45:00+00:00,5635.1,5637.3,5630.8,5634.3,5635.4,5637.6,5631.0,5634.6,5635.6,5637.8,5631.3,5634.8,875,0.5,0.5,0.5,0.5
2025-03-11 11:00:00+00:00,5630.6,5635.3,5622.8,5634.8,5631.0,5635.6,5623.0,5635.0,5631.3,5635.8,5623.3,5635.3,1747,0.7,0.5,0.5,0.5
2025-03-11 11:15:00+00:00,5634.6,5636.6,5630.6,5630.6,5635.0,5636.8,5630.8,5630.8,5635.3,5637.3,5631.1,5631.1,740,0.7,0.5,0.7,0.5
2025-03-11 11:30:00+00:00,5644.6,5644.8,5633.8,5634.6,5644.8,5645.0,5634.0,5634.8,5645.1,5645.3,5634.3,5635.1,889,0.5,0.5,0.5,0.5
2025-03-11 11:45:00+00:00,5646.3,5646.3,5639.3,5644.3,5646.6,5646.6,5639.6,5644.6,5646.8,5646.8,5639.8,5644.8,743,0.5,0.5,0.5,0.5
2025-03-11 12:00:00+00:00,5620.6,5646.8,5620.6,5645.8,5621.0,5647.0,5620.8,5646.2,5621.3,5647.3,5621.1,5646.5,1608,0.7,0.7,0.5,0.5
2025-03-11 12:15:00+00:00,5629.1,5636.1,5618.3,5620.6,5629.4,5636.4,5618.6,5620.8,5629.6,5636.8,5618.8,5621.1,998,0.5,0.5,0.7,0.5
2025-03-11 12:30:00+00:00,5620.8,5629.1,5617.3,5628.8,5621.0,5629.4,5617.6,5629.0,5621.3,5629.6,5618.0,5629.3,1223,0.5,0.5,0.5,0.7
2025-03-11 12:45:00+00:00,5614.8,5620.8,5611.8,5620.6,5615.0,5621.0,5612.0,5621.0,5615.3,5621.3,5612.3,5621.3,1552,0.5,0.7,0.5,0.5
2025-03-11 13:00:00+00:00,5614.1,5621.6,5611.8,5614.6,5614.4,5622.0,5612.0,5615.0,5614.6,5622.3,5612.3,5615.3,1247,0.5,0.7,0.7,0.5
2025-03-11 13:15:00+00:00,5604.6,5615.1,5602.6,5613.8,5605.0,5615.4,5602.8,5614.2,5605.3,5615.6,5603.1,5614.5,1698,0.7,0.7,0.5,0.5
2025-03-11 13:30:00+00:00,5616.9,5619.9,5593.6,5604.7,5617.2,5620.1,5593.8,5605.0,5617.5,5620.3,5594.0,5605.3,9523,0.6,0.6,0.4,0.4
2025-03-11 13:45:00+00:00,5608.1,5627.9,5604.1,5617.1,5608.6,5628.1,5604.3,5617.3,5609.0,5628.3,5604.5,5617.5,7773,0.9,0.4,0.4,0.4
2025-03-11 14:00:00+00:00,5589.6,5631.1,5573.4,5608.4,5589.8,5631.3,5573.7,5608.6,5590.0,5631.5,5574.0,5608.8,14079,0.4,0.4,0.4,0.6
2025-03-11 14:15:00+00:00,5570.1,5598.9,5566.6,5589.7,5570.3,5599.1,5566.8,5590.0,5570.5,5599.3,5567.0,5590.3,8613,0.4,0.6,0.4,0.4
2025-03-11 14:30:00+00:00,5562.6,5582.4,5550.2,5569.6,5562.8,5582.6,5550.8,5569.8,5563.0,5582.8,5551.0,5570.0,8122,0.4,0.4,0.4,0.8
2025-03-11 14:45:00+00:00,5557.9,5580.4,5555.1,5562.4,5558.1,5580.7,5555.3,5562.7,5558.3,5581.0,5555.5,5563.0,7948,0.4,0.6,0.6,0.4
2025-03-11 15:00:00+00:00,5589.1,5598.6,5551.9,5557.6,5589.3,5598.8,5552.1,5557.8,5589.5,5599.0,5552.3,5558.0,7916,0.4,0.4,0.4,0.4
2025-03-11 15:15:00+00:00,5581.6,5597.4,5580.1,5588.9,5581.8,5597.6,5580.3,5589.2,5582.0,5597.8,5580.5,5589.5,7612,0.4,0.6,0.4,0.4
2025-03-11 15:30:00+00:00,5603.9,5610.1,5578.4,5581.1,5604.1,5610.3,5578.7,5581.3,5604.3,5610.5,5579.0,5581.5,7363,0.4,0.4,0.4,0.6
2025-03-11 15:45:00+00:00,5582.1,5606.1,5579.6,5603.7,5582.3,5606.3,5579.8,5604.0,5582.5,5606.5,5580.0,5604.3,6212,0.4,0.6,0.4,0.4
2025-03-11 16:00:00+00:00,5559.4,5586.4,5557.6,5581.7,5559.6,5586.7,5557.8,5582.0,5559.8,5587.0,5558.0,5582.3,6002,0.4,0.6,0.6,0.4
2025-03-11 16:15:00+00:00,5568.4,5575.9,5558.1,5559.1,5568.6,5576.1,5558.3,5559.3,5568.8,5576.3,5558.5,5559.5,4899,0.4,0.4,0.4,0.4
2025-03-11 16:30:00+00:00,5562.6,5578.9,5558.1,5568.9,5562.8,5579.2,5558.3,5569.1,5563.0,5579.5,5558.5,5569.3,4739,0.4,0.4,0.6,0.4
2025-03-11 16:45:00+00:00,5552.9,5568.9,5545.6,5562.9,5553.1,5569.1,5545.8,5563.1,5553.3,5569.3,5546.0,5563.3,4125,0.4,0.4,0.4,0.4
2025-03-11 17:00:00+00:00,5543.6,5553.4,5541.9,5552.7,5543.8,5553.6,5542.1,5553.0,5544.0,5553.8,5542.3,5553.3,3918,0.4,0.6,0.4,0.4
2025-03-11 17:15:00+00:00,5531.6,5552.6,5530.4,5543.9,5531.8,5552.8,5530.6,5544.1,5532.0,5553.0,5530.8,5544.3,3609,0.4,0.4,0.4,0.4
2025-03-11 17:30:00+00:00,5548.4,5548.4,5530.1,5531.1,5548.6,5548.6,5530.3,5531.3,5548.8,5548.8,5530.5,5531.5,4179,0.4,0.4,0.4,0.4
2025-03-11 17:45:00+00:00,5552.9,5563.9,5542.4,5548.1,5553.1,5564.1,5542.6,5548.3,5553.3,5564.3,5542.8,5548.5,4745,0.4,0.4,0.4,0.4
2025-03-11 18:00:00+00:00,5588.1,5588.9,5551.6,5552.7,5588.3,5589.1,5551.8,5553.0,5588.5,5589.3,5552.0,5553.3,6316,0.4,0.6,0.4,0.4
2025-03-11 18:15:00+00:00,5594.6,5603.4,5579.6,5588.4,5594.8,5603.6,5579.8,5588.6,5595.0,5603.8,5580.0,5588.8,5494,0.4,0.4,0.4,0.4
2025-03-11 18:30:00+00:00,5617.4,5619.9,5583.6,5594.7,5617.6,5620.1,5583.8,5595.0,5617.8,5620.3,5584.0,5595.3,5664,0.4,0.6,0.4,0.4
2025-03-11 18:45:00+00:00,5625.6,5638.9,5613.1,5618.1,5625.8,5639.2,5613.3,5618.3,5626.0,5639.5,5613.5,5618.5,5944,0.4,0.4,0.6,0.4
2025-03-11 19:00:00+00:00,5614.0,5636.9,5607.4,5625.9,5614.3,5637.1,5607.7,5626.1,5614.6,5637.3,5608.0,5626.3,7951,0.6,0.4,0.4,0.6
2025-03-11 19:15:00+00:00,5607.2,5620.2,5597.2,5614.2,5607.4,5620.4,5597.4,5614.4,5607.6,5620.6,5597.6,5614.6,6860,0.4,0.4,0.4,0.4
2025-03-11 19:30:00+00:00,5606.2,5614.2,5593.2,5607.0,5606.4,5614.4,5593.4,5607.3,5606.6,5614.6,5593.6,5607.6,7033,0.4,0.6,0.4,0.4
2025-03-11 19:45:00+00:00,5572.2,5611.2,5571.2,5605.9,5572.4,5611.4,5571.5,5606.1,5572.6,5611.6,5571.8,5606.3,5771,0.4,0.4,0.4,0.6
2025-03-11 20:00:00+00:00,5583.1,5585.4,5569.1,5571.4,5583.4,5585.6,5569.4,5571.8,5583.6,5585.9,5569.6,5572.3,3122,0.5,0.9,0.5,0.5
2025-03-11 20:15:00+00:00,5574.9,5583.4,5573.1,5583.4,5575.2,5583.8,5573.4,5583.6,5575.4,5584.1,5573.6,5583.9,971,0.5,0.5,0.7,0.5
2025-03-11 20:30:00+00:00,5574.9,5576.4,5569.1,5575.4,5575.2,5576.6,5569.4,5575.6,5575.4,5576.9,5569.6,5575.9,654,0.5,0.5,0.5,0.5
2025-03-11 20:45:00+00:00,5573.9,5577.6,5569.1,5575.4,5574.2,5577.8,5569.4,5575.6,5574.4,5578.1,5569.6,5575.9,661,0.5,0.5,0.5,0.5
2025-03-11 22:00:00+00:00,5583.0,5583.3,5570.3,5577.0,5583.2,5583.6,5570.9,5577.2,5583.5,5584.0,5571.5,5577.5,781,0.5,0.5,0.7,1.2
2025-03-11 22:15:00+00:00,5580.0,5583.3,5576.3,5582.8,5580.4,5583.6,5576.6,5583.2,5580.7,5583.8,5577.0,5583.5,637,0.7,0.7,0.5,0.7
2025-03-11 22:30:00+00:00,5586.0,5588.0,5577.8,5580.3,5586.4,5588.2,5578.2,5580.6,5586.7,5588.5,5578.5,5580.8,562,0.7,0.5,0.5,0.7
2025-03-11 22:45:00+00:00,5587.8,5590.5,5586.0,5586.0,5588.0,5590.8,5586.2,5586.2,5588.3,5591.2,5586.5,5586.5,504,0.5,0.5,0.7,0.5
2025-03-11 23:00:00+00:00,5587.5,5589.3,5584.5,5587.5,5587.8,5589.6,5584.8,5587.8,5588.2,5589.8,5585.0,5588.0,670,0.7,0.5,0.5,0.5
2025-03-11 23:15:00+00:00,5583.8,5587.8,5581.3,5587.8,5584.2,5588.2,5581.6,5588.0,5584.5,5588.5,5581.8,5588.3,580,0.7,0.5,0.7,0.5
2025-03-11 23:30:00+00:00,5583.3,5584.0,5578.8,5583.8,5583.6,5584.2,5579.0,5584.0,5583.8,5584.5,5579.3,5584.3,733,0.5,0.5,0.5,0.5
2025-03-11 23:45:00+00:00,5589.5,5589.8,5582.5,5583.0,5589.8,5590.0,5582.8,5583.4,5590.0,5590.3,5583.2,5583.7,551,0.5,0.7,0.5,0.7
2025-03-12 00:00:00+00:00,5589.8,5592.0,5585.5,5590.0,5590.0,5592.2,5585.8,5590.2,5590.3,5592.5,5586.2,5590.5,1026,0.5,0.5,0.5,0.7
2025-03-12 00:15:00+00:00,5592.3,5594.5,5587.8,5589.5,5592.6,5594.8,5588.2,5589.8,5592.8,5595.0,5588.5,5590.2,682,0.5,0.7,0.5,0.7
2025-03-12 00:30:00+00:00,5584.5,5592.8,5582.0,5592.0,5584.8,5593.0,5582.2,5592.2,5585.2,5593.3,5582.5,5592.5,782,0.7,0.5,0.5,0.5
2025-03-12 00:45:00+00:00,5588.3,5588.3,5582.5,5584.8,5588.6,5588.6,5582.8,5585.0,5589.0,5589.0,5583.0,5585.3,738,0.7,0.5,0.7,0.5
2025-03-12 01:00:00+00:00,5586.5,5590.8,5586.0,5588.3,5586.8,5591.0,5586.4,5588.6,5587.0,5591.3,5586.7,5588.8,708,0.5,0.5,0.5,0.7
2025-03-12 01:15:00+00:00,5584.0,5588.8,5583.8,5586.5,5584.4,5589.2,5584.0,5586.8,5584.7,5589.5,5584.3,5587.2,735,0.7,0.7,0.7,0.5
2025-03-12 01:30:00+00:00,5588.3,5589.8,5581.8,5584.3,5588.6,5590.0,5582.2,5584.6,5588.8,5590.3,5582.5,5584.8,917,0.5,0.5,0.5,0.7
2025-03-12 01:45:00+00:00,5589.8,5591.8,5588.3,5588.3,5590.2,5592.0,5588.6,5588.6,5590.5,5592.3,5588.8,5589.0,440,0.7,0.7,0.5,0.5
2025-03-12 02:00:00+00:00,5593.8,5593.8,5588.8,5589.8,5594.0,5594.0,5589.2,5590.0,5594.3,5594.3,5589.5,5590.3,325,0.5,0.5,0.5,0.7
2025-03-12 02:15:00+00:00,5592.0,5594.8,5591.5,5593.5,5592.2,5595.0,5591.8,5593.8,5592.5,5595.3,5592.0,5594.0,367,0.5,0.5,0.5,0.5
2025-03-12 02:30:00+00:00,5588.8,5592.5,5587.3,5592.3,5589.2,5592.8,5587.6,5592.6,5589.5,5593.0,5587.8,5592.8,350,0.7,0.5,0.5,0.5
2025-03-12 02:45:00+00:00,5586.8,5589.8,5585.8,5589.0,5587.2,5590.0,5586.0,5589.2,5587.5,5590.3,5586.3,5589.5,303,0.7,0.5,0.5,0.5
2025-03-12 03:00:00+00:00,5586.5,5589.0,5586.0,5587.0,5586.8,5589.4,5586.4,5587.2,5587.2,5589.7,5586.7,5587.5,329,0.7,0.5,0.7,0.7
2025-03-12 03:15:00+00:00,5585.0,5586.8,5581.5,5586.8,5585.2,5587.0,5581.8,5587.0,5585.5,5587.3,5582.0,5587.3,333,0.5,0.5,0.5,0.5
2025-03-12 03:30:00+00:00,5586.3,5586.8,5581.5,5585.3,5586.6,5587.0,5581.8,5585.6,5586.8,5587.3,5582.0,5585.8,360,0.5,0.5,0.5,0.5
2025-03-12 03:45:00+00:00,5585.0,5587.3,5584.5,5586.3,5585.2,5587.6,5584.8,5586.6,5585.5,5588.0,5585.0,5587.0,178,0.5,0.7,0.7,0.5
2025-03-12 04:00:00+00:00,5586.8,5587.0,5582.8,5585.0,5587.0,5587.2,5583.2,5585.4,5587.3,5587.5,5583.5,5585.7,318,0.5,0.7,0.5,0.7
2025-03-12 04:15:00+00:00,5590.5,5591.8,5586.3,5586.5,5590.8,5592.0,5586.6,5586.8,5591.2,5592.3,5587.0,5587.0,268,0.7,0.5,0.5,0.7
2025-03-12 04:30:00+00:00,5588.5,5591.3,5588.0,5590.5,5588.8,5591.6,5588.2,5590.8,5589.0,5591.8,5588.5,5591.0,266,0.5,0.5,0.5,0.5
2025-03-12 04:45:00+00:00,5586.8,5588.8,5585.8,5588.5,5587.2,5589.0,5586.2,5588.8,5587.5,5589.3,5586.5,5589.2,264,0.7,0.7,0.5,0.7
2025-03-12 05:00:00+00:00,5588.0,5588.5,5585.8,5587.0,5588.4,5588.8,5586.2,5587.2,5588.7,5589.0,5586.5,5587.5,385,0.7,0.5,0.5,0.7
2025-03-12 05:15:00+00:00,5586.8,5588.8,5586.0,5588.3,5587.0,5589.0,5586.2,5588.6,5587.3,5589.3,5586.5,5588.8,312,0.5,0.5,0.5,0.5
2025-03-12 05:30:00+00:00,5592.0,5592.3,5587.0,5587.0,5592.2,5592.6,5587.4,5587.4,5592.5,5593.0,5587.7,5587.7,285,0.5,0.7,0.7,0.7
2025-03-12 05:45:00+00:00,5593.5,5593.8,5591.0,5591.8,5593.8,5594.0,5591.2,5592.2,5594.0,5594.3,5591.5,5592.5,136,0.5,0.7,0.5,0.5
2025-03-12 06:00:00+00:00,5588.3,5593.0,5588.0,5593.0,5588.6,5593.2,5588.2,5593.2,5588.8,5593.5,5588.5,5593.5,245,0.5,0.5,0.5,0.5
2025-03-12 06:15:00+00:00,5586.5,5588.5,5585.5,5588.3,5586.8,5588.8,5585.8,5588.6,5587.0,5589.2,5586.0,5589.0,313,0.5,0.7,0.7,0.5
2025-03-12 06:30:00+00:00,5587.3,5589.8,5585.5,5586.8,5587.6,5590.2,5585.8,5587.0,5587.8,5590.5,5586.0,5587.3,395,0.5,0.5,0.7,0.5
2025-03-12 06:45:00+00:00,5578.3,5587.8,5575.3,5587.0,5578.6,5588.2,5575.6,5587.2,5578.8,5588.5,5575.8,5587.5,798,0.5,0.5,0.7,0.5
2025-03-12 07:00:00+00:00,5575.3,5583.0,5573.5,5578.3,5575.6,5583.2,5573.8,5578.6,5576.0,5583.5,5574.0,5579.0,1478,0.7,0.7,0.5,0.5
2025-03-12 07:15:00+00:00,5579.8,5582.3,5574.0,5575.5,5580.2,5582.6,5574.2,5575.8,5580.5,5582.8,5574.5,5576.0,1109,0.7,0.5,0.5,0.5
2025-03-12 07:30:00+00:00,5585.0,5586.0,5575.5,5579.5,5585.4,5586.2,5575.8,5579.8,5585.7,5586.5,5576.2,5580.0,1006,0.7,0.5,0.5,0.7
2025-03-12 07:45:00+00:00,5592.3,5593.3,5585.0,5585.0,5592.6,5593.6,5585.2,5585.2,5592.8,5594.0,5585.5,5585.5,766,0.5,0.5,0.7,0.5
2025-03-12 08:00:00+00:00,5589.8,5598.5,5586.0,5592.0,5590.0,5598.8,5586.2,5592.2,5590.3,5599.2,5586.5,5592.5,2495,0.5,0.5,0.7,0.5
2025-03-12 08:15:00+00:00,5585.5,5591.3,5582.0,5589.8,5585.8,5591.6,5582.2,5590.2,5586.0,5592.0,5582.5,5590.5,1755,0.5,0.7,0.7,0.5
2025-03-12 08:30:00+00:00,5599.8,5600.5,5585.3,5585.8,5600.0,5600.8,5585.6,5586.0,5600.3,5601.2,5585.8,5586.3,1405,0.5,0.5,0.7,0.5
2025-03-12 08:45:00+00:00,5607.3,5609.0,5598.3,5599.8,5607.6,5609.4,5598.6,5600.2,5607.8,5609.7,5598.8,5600.5,1458,0.5,0.7,0.7,0.5
2025-03-12 09:00:00+00:00,5605.3,5609.5,5603.5,5607.8,5605.6,5609.8,5603.8,5608.0,5606.0,5610.0,5604.0,5608.3,1357,0.7,0.5,0.5,0.5
2025-03-12 09:15:00+00:00,5608.0,5609.0,5604.0,5604.8,5608.2,5609.2,5604.2,5605.0,5608.5,5609.5,5604.5,5605.3,995,0.5,0.5,0.5,0.5
2025-03-12 09:30:00+00:00,5604.0,5611.8,5604.0,5608.3,5604.2,5612.0,5604.2,5608.6,5604.5,5612.3,5604.5,5608.8,825,0.5,0.5,0.5,0.5
2025-03-12 09:45:00+00:00,5611.5,5612.3,5603.3,5603.8,5611.8,5612.6,5603.6,5604.2,5612.0,5612.8,5604.0,5604.5,752,0.5,0.7,0.5,0.7
2025-03-12 10:00:00+00:00,5604.0,5612.8,5602.5,5611.8,5604.4,5613.0,5602.8,5612.0,5604.7,5613.3,5603.0,5612.3,616,0.7,0.5,0.5,0.5
2025-03-12 10:15:00+00:00,5603.5,5605.0,5601.8,5604.0,5603.8,5605.4,5602.2,5604.2,5604.2,5605.7,5602.5,5604.5,595,0.7,0.5,0.7,0.7
2025-03-12 10:30:00+00:00,5607.5,5610.5,5603.5,5603.8,5607.8,5610.8,5603.8,5604.0,5608.2,5611.0,5604.0,5604.3,665,0.7,0.5,0.5,0.5
2025-03-12 10:45:00+00:00,5609.8,5613.3,5607.3,5607.8,5610.0,5613.6,5607.6,5608.0,5610.3,5613.8,5608.0,5608.3,662,0.5,0.5,0.5,0.7
2025-03-12 11:00:00+00:00,5616.5,5618.0,5609.0,5609.5,5616.8,5618.2,5609.2,5609.8,5617.0,5618.5,5609.5,5610.0,784,0.5,0.5,0.5,0.5
2025-03-12 11:15:00+00:00,5618.8,5621.5,5615.8,5616.3,5619.0,5621.8,5616.0,5616.6,5619.3,5622.0,5616.3,5617.0,707,0.5,0.7,0.5,0.5
2025-03-12 11:30:00+00:00,5619.8,5623.3,5617.3,5618.8,5620.0,5623.6,5617.6,5619.2,5620.3,5623.8,5617.8,5619.5,784,0.5,0.7,0.5,0.5
2025-03-12 11:45:00+00:00,5617.8,5620.3,5615.5,5619.8,5618.0,5620.6,5615.8,5620.2,5618.3,5620.8,5616.0,5620.5,782,0.5,0.7,0.5,0.5
2025-03-12 12:00:00+00:00,5615.3,5617.8,5612.8,5617.5,5615.6,5618.0,5613.0,5617.8,5615.8,5618.3,5613.3,5618.0,627,0.5,0.5,0.5,0.5
2025-03-12 12:15:00+00:00,5619.3,5621.8,5614.5,5614.8,5620.4,5622.0,5614.8,5615.0,5621.5,5622.3,5615.0,5615.3,973,2.2,0.5,0.5,0.5
2025-03-12 12:30:00+00:00,5625.0,5670.8,5619.3,5620.5,5625.2,5671.0,5619.6,5621.0,5625.5,5671.5,5619.8,5621.5,7810,0.5,1.0,0.7,0.5
2025-03-12 12:45:00+00:00,5639.8,5641.8,5620.8,5625.5,5640.0,5642.0,5621.0,5625.8,5640.3,5642.3,5621.3,5626.0,3405,0.5,0.5,0.5,0.5
2025-03-12 13:00:00+00:00,5630.5,5642.3,5628.8,5639.8,5630.8,5642.6,5629.0,5640.2,5631.0,5642.8,5629.3,5640.5,2086,0.5,0.7,0.5,0.5
2025-03-12 13:15:00+00:00,5631.8,5633.3,5624.5,5630.0,5632.0,5633.6,5624.8,5630.2,5632.3,5633.8,5625.0,5630.5,2120,0.5,0.5,0.5,0.5
2025-03-12 13:30:00+00:00,5616.1,5641.1,5610.6,5631.5,5616.3,5641.3,5610.8,5631.8,5616.5,5641.5,5611.0,5632.0,6406,0.4,0.5,0.4,0.4
2025-03-12 13:45:00+00:00,5604.6,5627.3,5593.3,5616.6,5604.8,5627.6,5593.5,5616.8,5605.0,5627.9,5593.7,5617.0,7347,0.4,0.4,0.6,0.4
2025-03-12 14:00:00+00:00,5603.6,5615.1,5589.3,5603.8,5603.8,5615.3,5589.5,5604.1,5604.0,5615.5,5589.7,5604.4,6490,0.4,0.6,0.4,0.4
2025-03-12 14:15:00+00:00,5600.1,5607.3,5590.1,5603.3,5600.3,5607.5,5590.3,5603.5,5600.5,5607.7,5590.5,5603.7,5613,0.4,0.4,0.4,0.4
2025-03-12 14:30:00+00:00,5575.3,5602.6,5572.3,5600.6,5575.5,5602.8,5572.5,5600.8,5575.7,5603.0,5572.7,5601.0,5597,0.4,0.4,0.4,0.4
2025-03-12 14:45:00+00:00,5565.8,5585.1,5564.6,5574.8,5566.0,5585.3,5564.8,5575.0,5566.2,5585.5,5565.0,5575.2,4455,0.4,0.4,0.4,0.4
2025-03-12 15:00:00+00:00,5558.8,5568.1,5546.6,5566.1,5559.0,5568.3,5546.8,5566.3,5559.2,5568.5,5547.0,5566.5,4128,0.4,0.4,0.4,0.4
2025-03-12 15:15:00+00:00,5578.8,5581.6,5553.6,5558.3,5579.0,5581.8,5553.8,5558.5,5579.2,5582.0,5554.0,5558.7,4111,0.4,0.4,0.4,0.4
2025-03-12 15:30:00+00:00,5588.6,5591.6,5575.3,5579.1,5588.8,5591.8,5575.5,5579.3,5589.0,5592.0,5575.7,5579.5,3788,0.4,0.4,0.4,0.4
2025-03-12 15:45:00+00:00,5602.0,5602.8,5584.8,5588.3,5602.2,5603.0,5585.1,5588.5,5602.4,5603.2,5585.4,5588.7,3930,0.4,0.4,0.4,0.6
2025-03-12 16:00:00+00:00,5615.3,5617.6,5593.0,5601.5,5615.5,5617.9,5593.2,5601.7,5615.7,5618.2,5593.4,5601.9,4082,0.4,0.4,0.6,0.4
2025-03-12 16:15:00+00:00,5613.1,5619.3,5608.0,5615.1,5613.4,5619.5,5608.2,5615.4,5613.7,5619.7,5608.4,5615.7,3308,0.6,0.6,0.4,0.4
2025-03-12 16:30:00+00:00,5599.8,5623.3,5597.5,5613.5,5600.1,5623.5,5597.7,5613.7,5600.4,5623.7,5597.9,5613.9,3369,0.6,0.4,0.4,0.4
2025-03-12 16:45:00+00:00,5601.3,5620.0,5597.8,5600.0,5601.5,5620.2,5598.0,5600.2,5601.7,5620.4,5598.2,5600.4,3857,0.4,0.4,0.4,0.4
2025-03-12 17:00:00+00:00,5615.8,5616.3,5597.0,5601.8,5616.0,5616.5,5597.2,5602.0,5616.2,5616.7,5597.4,5602.2,4488,0.4,0.4,0.4,0.4
2025-03-12 17:15:00+00:00,5624.8,5625.3,5608.5,5615.8,5625.0,5625.5,5608.7,5616.1,5625.2,5625.7,5608.9,5616.4,2962,0.4,0.6,0.4,0.4
2025-03-12 17:30:00+00:00,5617.5,5628.3,5617.0,5624.5,5617.7,5628.5,5617.2,5624.7,5617.9,5628.7,5617.4,5624.9,2542,0.4,0.4,0.4,0.4
2025-03-12 17:45:00+00:00,5590.5,5623.3,5589.8,5617.6,5590.7,5623.5,5590.1,5617.9,5590.9,5623.7,5590.4,5618.2,3821,0.4,0.6,0.4,0.6
2025-03-12 18:00:00+00:00,5604.5,5606.3,5588.5,5590.8,5604.7,5606.5,5588.7,5591.0,5604.9,5606.7,5588.9,5591.2,3966,0.4,0.4,0.4,0.4
2025-03-12 18:15:00+00:00,5612.8,5613.0,5602.0,5604.8,5613.0,5613.2,5602.2,5605.0,5613.2,5613.4,5602.4,5605.2,3055,0.4,0.4,0.4,0.4
2025-03-12 18:30:00+00:00,5622.5,5623.5,5609.5,5613.3,5622.7,5623.7,5609.7,5613.5,5622.9,5623.9,5609.9,5613.7,2438,0.4,0.4,0.4,0.4
2025-03-12 18:45:00+00:00,5623.0,5629.8,5614.5,5622.3,5623.2,5630.1,5614.7,5622.6,5623.4,5630.4,5614.9,5622.9,2364,0.4,0.6,0.6,0.4
2025-03-12 19:00:00+00:00,5612.8,5622.8,5609.5,5622.5,5613.0,5623.0,5609.7,5622.7,5613.2,5623.2,5609.9,5622.9,3103,0.4,0.4,0.4,0.4
2025-03-12 19:15:00+00:00,5607.0,5615.8,5599.3,5612.5,5607.2,5616.0,5599.5,5612.7,5607.4,5616.2,5599.7,5612.9,3835,0.4,0.4,0.4,0.4
2025-03-12 19:30:00+00:00,5603.3,5613.5,5594.8,5607.3,5603.5,5613.7,5595.1,5607.5,5603.7,5613.9,5595.4,5607.7,3190,0.4,0.4,0.4,0.6
2025-03-12 19:45:00+00:00,5599.8,5610.3,5592.3,5603.8,5600.0,5610.5,5592.5,5604.0,5600.2,5610.7,5592.7,5604.2,3950,0.4,0.4,0.4,0.4
2025-03-12 20:00:00+00:00,5593.7,5600.7,5593.0,5599.5,5594.0,5601.0,5593.2,5599.7,5594.2,5601.2,5593.5,5599.9,1145,0.5,0.4,0.5,0.5
2025-03-12 20:15:00+00:00,5596.2,5596.7,5593.7,5594.0,5596.4,5597.0,5594.0,5594.2,5596.7,5597.2,5594.2,5594.5,427,0.5,0.5,0.5,0.5
2025-03-12 20:30:00+00:00,5593.5,5598.2,5591.7,5596.5,5593.8,5598.4,5592.0,5596.8,5594.0,5598.7,5592.2,5597.0,338,0.5,0.5,0.5,0.5
2025-03-12 20:45:00+00:00,5594.0,5595.2,5592.2,5593.3,5594.2,5595.4,5592.4,5593.6,5594.5,5595.7,5592.7,5594.0,227,0.5,0.7,0.5,0.5
2025-03-12 22:00:00+00:00,5599.7,5600.5,5591.7,5592.7,5600.0,5600.8,5592.0,5593.0,5600.2,5601.0,5592.2,5593.2,599,0.5,0.5,0.5,0.5
2025-03-12 22:15:00+00:00,5604.0,5607.5,5599.8,5600.0,5604.4,5607.8,5600.2,5600.2,5604.7,5608.0,5600.5,5600.5,539,0.7,0.5,0.5,0.7
2025-03-12 22:30:00+00:00,5604.5,5605.3,5600.7,5604.0,5604.8,5605.6,5601.0,5604.2,5605.2,5606.0,5601.2,5604.5,431,0.7,0.5,0.7,0.5
2025-03-12 22:45:00+00:00,5605.5,5606.7,5600.8,5604.5,5605.8,5607.0,5601.2,5604.8,5606.0,5607.2,5601.5,5605.0,414,0.5,0.5,0.5,0.7
2025-03-12 23:00:00+00:00,5610.2,5612.5,5605.0,5605.3,5610.4,5612.8,5605.4,5605.6,5610.7,5613.0,5605.7,5606.0,556,0.5,0.7,0.5,0.7
2025-03-12 23:15:00+00:00,5610.5,5611.2,5608.2,5610.0,5610.8,5611.4,5608.4,5610.4,5611.0,5611.7,5608.7,5610.7,337,0.5,0.7,0.5,0.5
2025-03-12 23:30:00+00:00,5612.3,5615.3,5609.3,5610.5,5612.6,5615.6,5609.6,5610.8,5613.0,5616.0,5610.0,5611.2,394,0.7,0.7,0.7,0.7
2025-03-12 23:45:00+00:00,5617.2,5617.7,5611.2,5612.2,5617.4,5618.0,5611.4,5612.4,5617.7,5618.2,5611.7,5612.7,443,0.5,0.5,0.5,0.5
2025-03-13 00:00:00+00:00,5617.5,5619.2,5616.2,5616.7,5617.8,5619.4,5616.4,5617.0,5618.0,5619.7,5616.7,5617.2,625,0.5,0.5,0.5,0.5
2025-03-13 00:15:00+00:00,5613.0,5617.2,5612.7,5617.2,5613.2,5617.4,5613.0,5617.4,5613.5,5617.7,5613.2,5617.7,490,0.5,0.5,0.5,0.5
2025-03-13 00:30:00+00:00,5610.2,5613.5,5609.7,5612.7,5610.4,5613.8,5610.0,5613.0,5610.7,5614.0,5610.2,5613.2,418,0.5,0.5,0.5,0.5
2025-03-13 00:45:00+00:00,5607.5,5611.7,5606.7,5610.3,5607.8,5612.0,5607.0,5610.6,5608.0,5612.2,5607.2,5611.0,466,0.5,0.7,0.5,0.5
2025-03-13 01:00:00+00:00,5606.0,5609.8,5603.5,5607.2,5606.2,5610.2,5603.8,5607.4,5606.5,5610.5,5604.0,5607.7,811,0.5,0.5,0.7,0.5
2025-03-13 01:15:00+00:00,5606.5,5609.2,5605.5,5605.7,5606.8,5609.4,5605.8,5606.0,5607.0,5609.7,5606.0,5606.2,574,0.5,0.5,0.5,0.5
2025-03-13 01:30:00+00:00,5604.0,5607.2,5600.2,5606.5,5604.2,5607.4,5600.4,5606.8,5604.5,5607.7,5600.7,5607.2,655,0.5,0.7,0.5,0.5
2025-03-13 01:45:00+00:00,5608.5,5609.2,5602.0,5603.7,5608.8,5609.4,5602.2,5604.0,5609.0,5609.7,5602.5,5604.2,537,0.5,0.5,0.5,0.5
2025-03-13 02:00:00+00:00,5608.0,5609.2,5607.0,5608.2,5608.4,5609.4,5607.2,5608.4,5608.7,5609.7,5607.5,5608.7,298,0.7,0.5,0.5,0.5
2025-03-13 02:15:00+00:00,5603.2,5609.0,5602.3,5608.0,5603.4,5609.4,5602.6,5608.2,5603.7,5609.7,5603.0,5608.5,518,0.5,0.5,0.7,0.7
2025-03-13 02:30:00+00:00,5602.7,5603.8,5601.3,5602.7,5603.0,5604.2,5601.6,5603.0,5603.2,5604.5,5602.0,5603.2,339,0.5,0.5,0.7,0.7
2025-03-13 02:45:00+00:00,5599.7,5603.5,5598.7,5603.0,5600.0,5603.8,5599.0,5603.2,5600.2,5604.0,5599.2,5603.5,283,0.5,0.5,0.5,0.5
2025-03-13 03:00:00+00:00,5596.7,5600.0,5594.0,5599.5,5597.0,5600.2,5594.4,5599.8,5597.2,5600.5,5594.7,5600.2,447,0.5,0.7,0.5,0.7
2025-03-13 03:15:00+00:00,5593.0,5598.0,5592.5,5597.0,5593.2,5598.2,5592.8,5597.2,5593.5,5598.5,5593.0,5597.5,389,0.5,0.5,0.5,0.5
2025-03-13 03:30:00+00:00,5588.0,5593.5,5582.7,5593.0,5588.2,5593.8,5583.0,5593.4,5588.5,5594.0,5583.2,5593.7,769,0.5,0.7,0.5,0.5
2025-03-13 03:45:00+00:00,5584.7,5588.5,5583.2,5587.8,5585.0,5588.8,5583.4,5588.2,5585.2,5589.0,5583.7,5588.5,358,0.5,0.7,0.5,0.5
2025-03-13 04:00:00+00:00,5588.2,5589.5,5583.8,5584.5,5588.4,5589.8,5584.2,5584.8,5588.7,5590.0,5584.5,5585.2,326,0.5,0.7,0.5,0.7
2025-03-13 04:15:00+00:00,5584.0,5588.7,5583.0,5588.0,5584.2,5589.0,5583.2,5588.4,5584.5,5589.2,5583.5,5588.7,437,0.5,0.7,0.5,0.5
2025-03-13 04:30:00+00:00,5579.0,5583.8,5573.7,5583.7,5579.2,5584.2,5574.0,5584.0,5579.5,5584.5,5574.2,5584.2,801,0.5,0.5,0.7,0.5
2025-03-13 04:45:00+00:00,5577.0,5580.5,5573.2,5578.7,5577.2,5580.8,5573.4,5579.0,5577.5,5581.2,5573.7,5579.2,579,0.5,0.5,0.7,0.5
2025-03-13 05:00:00+00:00,5575.8,5578.5,5574.2,5576.5,5576.2,5578.8,5574.4,5576.8,5576.5,5579.0,5574.7,5577.2,735,0.7,0.7,0.5,0.5
2025-03-13 05:15:00+00:00,5578.7,5580.7,5572.0,5576.0,5579.0,5581.0,5572.4,5576.2,5579.2,5581.2,5572.7,5576.5,935,0.5,0.5,0.5,0.7
2025-03-13 05:30:00+00:00,5571.5,5579.0,5567.2,5578.8,5571.8,5579.2,5567.4,5579.2,5572.0,5579.5,5567.7,5579.5,1076,0.5,0.7,0.5,0.5
2025-03-13 05:45:00+00:00,5574.2,5574.3,5568.8,5571.5,5574.4,5574.6,5569.2,5571.8,5574.7,5575.0,5569.5,5572.2,791,0.5,0.7,0.7,0.7
2025-03-13 06:00:00+00:00,5568.2,5576.0,5562.2,5574.0,5568.4,5576.2,5562.4,5574.4,5568.7,5576.5,5562.7,5574.7,1072,0.5,0.7,0.5,0.5
2025-03-13 06:15:00+00:00,5570.2,5570.5,5559.8,5568.5,5570.4,5570.8,5560.2,5568.8,5570.7,5571.2,5560.5,5569.0,1077,0.5,0.5,0.7,0.7
2025-03-13 06:30:00+00:00,5569.7,5572.5,5566.0,5569.8,5570.0,5572.8,5566.4,5570.2,5570.2,5573.2,5566.7,5570.5,844,0.5,0.7,0.7,0.7
2025-03-13 06:45:00+00:00,5578.5,5581.0,5568.7,5569.8,5578.8,5581.4,5569.0,5570.2,5579.0,5581.7,5569.2,5570.5,1105,0.5,0.7,0.7,0.5
2025-03-13 07:00:00+00:00,5571.8,5581.0,5568.2,5578.2,5572.2,5581.2,5568.4,5578.4,5572.5,5581.5,5568.7,5578.7,1196,0.7,0.5,0.5,0.5
2025-03-13 07:15:00+00:00,5578.0,5581.5,5569.7,5572.0,5578.2,5581.8,5570.0,5572.2,5578.5,5582.0,5570.2,5572.5,1042,0.5,0.5,0.5,0.5
2025-03-13 07:30:00+00:00,5565.8,5580.0,5565.5,5578.0,5566.2,5580.2,5565.8,5578.4,5566.5,5580.5,5566.0,5578.7,1118,0.7,0.7,0.5,0.5
2025-03-13 07:45:00+00:00,5563.2,5573.5,5560.7,5566.0,5563.4,5573.8,5561.0,5566.2,5563.7,5574.0,5561.2,5566.5,1558,0.5,0.5,0.5,0.5
2025-03-13 08:00:00+00:00,5564.5,5570.5,5560.5,5563.5,5564.8,5570.8,5560.8,5563.8,5565.2,5571.0,5561.0,5564.0,3594,0.7,0.5,0.5,0.5
2025-03-13 08:15:00+00:00,5570.5,5571.3,5556.0,5564.7,5570.8,5571.6,5556.2,5565.0,5571.0,5572.0,5556.5,5565.2,3261,0.5,0.5,0.7,0.5
2025-03-13 08:30:00+00:00,5569.7,5572.5,5564.3,5570.3,5570.0,5572.8,5564.6,5570.6,5570.2,5573.0,5565.0,5571.0,1932,0.5,0.7,0.5,0.7
2025-03-13 08:45:00+00:00,5576.2,5576.8,5569.2,5570.3,5576.4,5577.2,5569.4,5570.6,5576.7,5577.5,5569.7,5571.0,1409,0.5,0.7,0.7,0.5
2025-03-13 09:00:00+00:00,5580.0,5580.2,5568.5,5576.0,5580.2,5580.4,5568.8,5576.4,5580.5,5580.7,5569.0,5576.7,1289,0.5,0.7,0.5,0.5
2025-03-13 09:15:00+00:00,5587.7,5589.7,5579.5,5580.0,5588.0,5590.0,5579.8,5580.4,5588.2,5590.2,5580.0,5580.7,1130,0.5,0.7,0.5,0.5
2025-03-13 09:30:00+00:00,5595.0,5595.2,5587.2,5587.5,5595.2,5595.4,5587.4,5587.8,5595.5,5595.7,5587.7,5588.2,780,0.5,0.7,0.5,0.5
2025-03-13 09:45:00+00:00,5600.8,5601.5,5594.3,5595.0,5601.2,5601.8,5594.6,5595.4,5601.5,5602.0,5595.0,5595.7,683,0.7,0.7,0.5,0.7
2025-03-13 10:00:00+00:00,5602.2,5604.2,5598.2,5601.0,5602.4,5604.4,5598.4,5601.2,5602.7,5604.7,5598.7,5601.5,841,0.5,0.5,0.5,0.5
2025-03-13 10:15:00+00:00,5603.2,5606.0,5599.2,5602.3,5603.4,5606.2,5599.4,5602.6,5603.7,5606.5,5599.7,5603.0,647,0.5,0.7,0.5,0.5
2025-03-13 10:30:00+00:00,5604.8,5605.2,5601.2,5603.5,5605.2,5605.4,5601.4,5603.8,5605.5,5605.7,5601.7,5604.0,630,0.7,0.5,0.5,0.5
2025-03-13 10:45:00+00:00,5596.0,5606.0,5592.2,5604.7,5596.2,5606.2,5592.4,5605.0,5596.5,5606.5,5592.7,5605.2,896,0.5,0.5,0.5,0.5
2025-03-13 11:00:00+00:00,5592.7,5599.0,5589.5,5596.3,5593.0,5599.2,5589.8,5596.6,5593.2,5599.5,5590.0,5597.0,1189,0.5,0.7,0.5,0.5
2025-03-13 11:15:00+00:00,5588.5,5598.5,5583.2,5592.2,5588.8,5598.8,5583.4,5592.4,5589.0,5599.0,5583.7,5592.7,1054,0.5,0.5,0.5,0.5
2025-03-13 11:30:00+00:00,5580.7,5592.5,5579.7,5588.2,5581.0,5592.8,5580.0,5588.4,5581.2,5593.2,5580.2,5588.7,858,0.5,0.5,0.7,0.5
2025-03-13 11:45:00+00:00,5587.0,5591.0,5576.5,5580.5,5587.4,5591.4,5576.8,5580.8,5587.7,5591.7,5577.0,5581.2,1450,0.7,0.7,0.7,0.5
2025-03-13 12:00:00+00:00,5573.0,5588.2,5571.7,5586.5,5573.2,5588.4,5572.0,5586.8,5573.5,5588.7,5572.2,5587.0,1633,0.5,0.5,0.5,0.5
2025-03-13 12:15:00+00:00,5578.7,5582.5,5572.5,5572.8,5580.2,5582.8,5572.8,5573.2,5581.7,5583.0,5573.2,5573.5,1086,3.0,0.7,0.5,0.7
2025-03-13 12:30:00+00:00,5588.3,5599.5,5579.2,5579.2,5588.6,5600.1,5581.0,5581.0,5589.0,5600.7,5582.5,5582.7,3396,0.7,3.5,1.2,3.3
2025-03-13 12:45:00+00:00,5591.0,5591.0,5581.0,5588.2,5591.2,5591.2,5581.4,5588.4,5591.5,5591.5,5581.7,5588.7,1547,0.5,0.5,0.5,0.7
2025-03-13 13:00:00+00:00,5591.0,5599.0,5590.7,5591.0,5591.2,5599.2,5591.0,5591.4,5591.5,5599.5,5591.2,5591.7,1589,0.5,0.7,0.5,0.5
2025-03-13 13:15:00+00:00,5594.0,5598.5,5589.5,5591.0,5594.2,5598.8,5589.8,5591.4,5594.5,5599.0,5590.0,5591.7,1103,0.5,0.7,0.5,0.5
2025-03-13 13:30:00+00:00,5580.0,5596.3,5580.0,5594.7,5580.2,5596.5,5580.2,5595.0,5580.4,5596.7,5580.4,5595.2,8891,0.4,0.5,0.4,0.4
2025-03-13 13:45:00+00:00,5559.5,5584.8,5553.8,5580.3,5559.7,5585.0,5554.0,5580.5,5559.9,5585.2,5554.2,5580.7,8021,0.4,0.4,0.4,0.4
2025-03-13 14:00:00+00:00,5585.5,5586.0,5553.5,5558.8,5585.7,5586.2,5553.7,5559.0,5585.9,5586.4,5553.9,5559.2,8266,0.4,0.4,0.4,0.4
2025-03-13 14:15:00+00:00,5580.3,5600.3,5579.0,5585.8,5580.5,5600.5,5579.2,5586.1,5580.7,5600.7,5579.4,5586.4,6505,0.4,0.6,0.4,0.4
2025-03-13 14:30:00+00:00,5573.0,5592.8,5566.8,5580.8,5573.2,5593.1,5567.1,5581.0,5573.4,5593.4,5567.4,5581.2,6228,0.4,0.4,0.6,0.6
2025-03-13 14:45:00+00:00,5569.0,5582.6,5564.5,5572.8,5569.2,5582.9,5564.7,5573.1,5569.4,5583.2,5564.9,5573.4,4873,0.4,0.6,0.6,0.4
2025-03-13 15:00:00+00:00,5559.3,5578.8,5556.0,5569.3,5559.5,5579.0,5556.2,5569.5,5559.7,5579.2,5556.4,5569.7,4700,0.4,0.4,0.4,0.4
2025-03-13 15:15:00+00:00,5552.0,5563.0,5550.5,5560.3,5552.2,5563.2,5550.7,5560.5,5552.4,5563.4,5550.9,5560.7,3999,0.4,0.4,0.4,0.4
2025-03-13 15:30:00+00:00,5552.7,5561.3,5534.7,5551.8,5552.9,5561.6,5534.9,5552.1,5553.1,5561.9,5535.1,5552.4,5211,0.4,0.6,0.6,0.4
2025-03-13 15:45:00+00:00,5534.7,5555.5,5533.5,5552.5,5534.9,5555.7,5533.8,5552.8,5535.1,5555.9,5534.1,5553.1,5277,0.4,0.6,0.4,0.6
2025-03-13 16:00:00+00:00,5539.5,5550.5,5532.5,5535.0,5539.7,5550.7,5532.8,5535.2,5539.9,5550.9,5533.1,5535.4,4144,0.4,0.4,0.4,0.6
2025-03-13 16:15:00+00:00,5535.5,5543.0,5533.0,5539.2,5535.7,5543.2,5533.2,5539.4,5535.9,5543.4,5533.4,5539.6,3292,0.4,0.4,0.4,0.4
2025-03-13 16:30:00+00:00,5541.2,5555.7,5531.5,5535.5,5541.4,5555.9,5531.8,5535.8,5541.6,5556.1,5532.1,5536.1,3699,0.4,0.6,0.4,0.6
2025-03-13 16:45:00+00:00,5535.7,5543.5,5523.2,5540.7,5535.9,5543.8,5523.4,5540.9,5536.1,5544.1,5523.6,5541.1,4605,0.4,0.4,0.6,0.4
2025-03-13 17:00:00+00:00,5525.0,5543.0,5522.2,5536.0,5525.2,5543.2,5522.4,5536.2,5525.4,5543.4,5522.6,5536.4,3677,0.4,0.4,0.4,0.4
2025-03-13 17:15:00+00:00,5520.5,5525.5,5513.0,5525.3,5520.7,5525.8,5513.3,5525.6,5520.9,5526.1,5513.6,5525.9,2768,0.4,0.6,0.6,0.6
2025-03-13 17:30:00+00:00,5510.2,5521.5,5509.2,5520.2,5510.4,5521.8,5509.4,5520.4,5510.6,5522.1,5509.6,5520.6,2519,0.4,0.4,0.6,0.4
2025-03-13 17:45:00+00:00,5510.5,5518.5,5506.5,5510.0,5510.7,5518.7,5506.8,5510.3,5510.9,5518.9,5507.1,5510.6,2120,0.4,0.6,0.4,0.6
2025-03-13 18:00:00+00:00,5538.2,5542.2,5509.2,5510.2,5538.4,5542.4,5509.4,5510.4,5538.6,5542.6,5509.6,5510.6,3653,0.4,0.4,0.4,0.4
2025-03-13 18:15:00+00:00,5540.5,5540.5,5528.0,5538.3,5540.7,5540.7,5528.3,5538.6,5540.9,5540.9,5528.6,5538.9,2916,0.4,0.6,0.4,0.6
2025-03-13 18:30:00+00:00,5550.0,5551.5,5535.0,5540.2,5550.2,5551.7,5535.3,5540.4,5550.4,5551.9,5535.6,5540.6,2674,0.4,0.4,0.4,0.6
2025-03-13 18:45:00+00:00,5549.0,5552.5,5538.0,5549.7,5549.2,5552.7,5538.2,5549.9,5549.4,5552.9,5538.4,5550.1,2985,0.4,0.4,0.4,0.4
2025-03-13 19:00:00+00:00,5538.5,5556.0,5531.7,5548.7,5538.7,5556.2,5531.9,5548.9,5538.9,5556.4,5532.1,5549.1,3126,0.4,0.4,0.4,0.4
2025-03-13 19:15:00+00:00,5524.5,5542.5,5518.5,5539.2,5524.7,5542.7,5518.7,5539.4,5524.9,5542.9,5518.9,5539.6,3381,0.4,0.4,0.4,0.4
2025-03-13 19:30:00+00:00,5520.7,5530.2,5513.2,5524.5,5520.9,5530.4,5513.4,5524.8,5521.1,5530.6,5513.6,5525.1,3511,0.4,0.6,0.4,0.4
2025-03-13 19:45:00+00:00,5525.2,5526.5,5511.2,5520.2,5525.4,5526.7,5511.4,5520.4,5525.6,5526.9,5511.6,5520.6,4042,0.4,0.4,0.4,0.4
2025-03-13 20:00:00+00:00,5540.4,5541.2,5523.9,5525.5,5540.6,5541.6,5524.2,5525.7,5540.9,5541.9,5524.4,5525.9,723,0.5,0.4,0.7,0.5
2025-03-13 20:15:00+00:00,5538.2,5541.7,5535.4,5540.2,5538.4,5542.0,5535.6,5540.6,5538.7,5542.2,5535.9,5540.9,390,0.5,0.7,0.5,0.5
2025-03-13 20:30:00+00:00,5534.7,5539.4,5534.2,5538.7,5535.0,5539.6,5534.4,5539.0,5535.2,5539.9,5534.7,5539.2,307,0.5,0.5,0.5,0.5
2025-03-13 20:45:00+00:00,5535.2,5536.9,5534.4,5534.4,5535.4,5537.2,5534.6,5534.6,5535.7,5537.4,5534.9,5534.9,176,0.5,0.5,0.5,0.5
2025-03-13 22:00:00+00:00,5546.6,5547.6,5535.6,5538.1,5546.8,5547.8,5535.8,5538.4,5547.1,5548.1,5536.1,5538.6,800,0.5,0.5,0.5,0.5
2025-03-13 22:15:00+00:00,5543.1,5547.3,5539.3,5546.6,5543.4,5547.6,5539.6,5547.0,5543.6,5547.8,5539.8,5547.3,604,0.5,0.7,0.5,0.5
2025-03-13 22:30:00+00:00,5548.8,5550.8,5542.3,5543.3,5549.0,5551.0,5542.6,5543.6,5549.3,5551.3,5542.8,5544.0,607,0.5,0.7,0.5,0.5
2025-03-13 22:45:00+00:00,5548.6,5552.6,5547.3,5548.3,5548.8,5553.0,5547.6,5548.6,5549.1,5553.3,5547.8,5548.8,407,0.5,0.5,0.7,0.5
2025-03-13 23:00:00+00:00,5552.1,5554.3,5546.6,5548.6,5552.4,5554.6,5546.8,5549.0,5552.6,5554.8,5547.1,5549.3,513,0.5,0.7,0.5,0.5
2025-03-13 23:15:00+00:00,5550.1,5552.3,5547.6,5551.8,5550.4,5552.6,5547.8,5552.0,5550.8,5553.0,5548.1,5552.3,482,0.7,0.5,0.7,0.5
2025-03-13 23:30:00+00:00,5548.6,5552.1,5546.1,5550.1,5548.8,5552.4,5546.4,5550.4,5549.1,5552.8,5546.6,5550.6,402,0.5,0.5,0.7,0.5
2025-03-13 23:45:00+00:00,5549.1,5551.8,5547.8,5549.1,5549.4,5552.0,5548.0,5549.4,5549.6,5552.3,5548.3,5549.6,365,0.5,0.5,0.5,0.5
2025-03-14 00:00:00+00:00,5552.1,5552.6,5543.3,5548.8,5552.4,5552.8,5543.6,5549.0,5552.6,5553.1,5543.8,5549.3,1092,0.5,0.5,0.5,0.5
2025-03-14 00:15:00+00:00,5553.1,5556.3,5549.8,5551.8,5553.4,5556.6,5550.0,5552.0,5553.6,5556.8,5550.3,5552.3,590,0.5,0.5,0.5,0.5
2025-03-14 00:30:00+00:00,5561.6,5562.6,5552.8,5553.6,5561.8,5562.8,5553.0,5553.8,5562.1,5563.1,5553.3,5554.1,510,0.5,0.5,0.5,0.5
2025-03-14 00:45:00+00:00,5557.6,5561.8,5557.3,5561.3,5557.8,5562.0,5557.6,5561.6,5558.1,5562.3,5557.8,5561.8,355,0.5,0.5,0.5,0.5
2025-03-14 01:00:00+00:00,5561.1,5561.6,5555.6,5557.6,5561.4,5561.8,5556.0,5558.0,5561.6,5562.1,5556.3,5558.3,425,0.5,0.7,0.5,0.7
2025-03-14 01:15:00+00:00,5557.6,5561.3,5556.1,5561.1,5557.8,5561.6,5556.4,5561.4,5558.1,5561.8,5556.8,5561.8,331,0.5,0.7,0.5,0.7
2025-03-14 01:30:00+00:00,5561.6,5564.1,5554.8,5557.6,5561.8,5564.4,5555.0,5558.0,5562.1,5564.8,5555.3,5558.3,506,0.5,0.7,0.7,0.5
2025-03-14 01:45:00+00:00,5557.6,5562.8,5557.3,5561.8,5557.8,5563.0,5557.6,5562.2,5558.1,5563.3,5557.8,5562.5,423,0.5,0.7,0.5,0.5
2025-03-14 02:00:00+00:00,5561.6,5561.6,5557.3,5557.3,5561.8,5561.8,5557.6,5557.6,5562.1,5562.1,5557.8,5558.0,508,0.5,0.7,0.5,0.5
2025-03-14 02:15:00+00:00,5561.3,5563.3,5559.8,5561.6,5561.6,5563.6,5560.0,5562.0,5562.0,5563.8,5560.3,5562.3,359,0.7,0.7,0.5,0.5
2025-03-14 02:30:00+00:00,5560.3,5563.1,5559.3,5561.6,5560.6,5563.4,5559.6,5561.8,5560.8,5563.6,5559.8,5562.1,377,0.5,0.5,0.5,0.5
2025-03-14 02:45:00+00:00,5564.1,5565.6,5559.3,5560.3,5564.4,5565.8,5559.6,5560.6,5564.6,5566.1,5559.8,5561.0,354,0.5,0.7,0.5,0.5
2025-03-14 03:00:00+00:00,5565.1,5567.3,5563.6,5563.8,5565.4,5567.6,5563.8,5564.0,5565.6,5567.8,5564.1,5564.3,355,0.5,0.5,0.5,0.5
2025-03-14 03:15:00+00:00,5566.6,5568.1,5565.3,5565.6,5566.8,5568.4,5565.6,5565.8,5567.1,5568.6,5565.8,5566.1,252,0.5,0.5,0.5,0.5
2025-03-14 03:30:00+00:00,5566.6,5567.8,5565.6,5567.1,5567.0,5568.0,5566.0,5567.4,5567.3,5568.3,5566.3,5567.6,294,0.7,0.5,0.5,0.7
2025-03-14 03:45:00+00:00,5566.1,5566.8,5564.6,5566.6,5566.4,5567.0,5565.0,5566.8,5566.6,5567.3,5565.3,5567.1,197,0.5,0.5,0.5,0.7
2025-03-14 04:00:00+00:00,5565.8,5566.6,5564.3,5565.8,5566.0,5566.8,5564.6,5566.0,5566.3,5567.1,5564.8,5566.3,192,0.5,0.5,0.5,0.5
2025-03-14 04:15:00+00:00,5563.1,5566.8,5562.8,5566.1,5563.4,5567.0,5563.0,5566.4,5563.6,5567.3,5563.3,5566.6,194,0.5,0.5,0.5,0.5
2025-03-14 04:30:00+00:00,5563.8,5564.3,5561.6,5562.8,5564.0,5564.6,5562.0,5563.2,5564.3,5564.8,5562.3,5563.5,232,0.5,0.7,0.5,0.7
2025-03-14 04:45:00+00:00,5564.8,5565.1,5562.8,5563.8,5565.0,5565.4,5563.2,5564.2,5565.3,5565.8,5563.5,5564.5,142,0.5,0.7,0.7,0.7
2025-03-14 05:00:00+00:00,5566.8,5567.1,5564.3,5564.8,5567.0,5567.4,5564.6,5565.2,5567.3,5567.8,5564.8,5565.5,382,0.5,0.7,0.7,0.5
2025-03-14 05:15:00+00:00,5562.3,5568.6,5562.1,5567.1,5562.6,5568.8,5562.4,5567.4,5562.8,5569.1,5562.8,5567.8,432,0.5,0.7,0.5,0.7
2025-03-14 05:30:00+00:00,5560.3,5562.8,5559.6,5562.6,5560.6,5563.2,5559.8,5562.8,5560.8,5563.5,5560.1,5563.1,261,0.5,0.5,0.7,0.5
2025-03-14 05:45:00+00:00,5558.6,5561.1,5557.3,5560.6,5558.8,5561.4,5557.6,5560.8,5559.1,5561.6,5557.8,5561.1,172,0.5,0.5,0.5,0.5
2025-03-14 06:00:00+00:00,5556.6,5559.6,5554.6,5558.3,5556.8,5559.8,5554.8,5558.6,5557.1,5560.1,5555.1,5558.8,417,0.5,0.5,0.5,0.5
2025-03-14 06:15:00+00:00,5555.3,5557.3,5555.1,5557.1,5555.6,5557.6,5555.4,5557.4,5555.8,5557.8,5555.6,5557.6,212,0.5,0.5,0.5,0.5
2025-03-14 06:30:00+00:00,5558.8,5559.1,5552.3,5554.8,5559.0,5559.4,5552.6,5555.0,5559.3,5559.6,5552.8,5555.3,494,0.5,0.5,0.5,0.5
2025-03-14 06:45:00+00:00,5558.8,5561.1,5557.6,5558.6,5559.2,5561.4,5557.8,5559.0,5559.5,5561.6,5558.1,5559.3,363,0.7,0.7,0.5,0.5
2025-03-14 07:00:00+00:00,5552.3,5559.1,5549.6,5559.1,5552.6,5559.4,5549.8,5559.4,5552.8,5559.6,5550.1,5559.6,1058,0.5,0.5,0.5,0.5
2025-03-14 07:15:00+00:00,5553.3,5555.3,5550.8,5552.8,5553.6,5555.6,5551.2,5553.0,5553.8,5556.0,5551.5,5553.3,573,0.5,0.5,0.7,0.7
2025-03-14 07:30:00+00:00,5557.1,5557.1,5549.1,5552.8,5557.4,5557.4,5549.4,5553.0,5557.6,5557.8,5549.6,5553.3,598,0.5,0.5,0.7,0.5
2025-03-14 07:45:00+00:00,5553.1,5559.6,5551.6,5556.3,5553.4,5560.0,5551.8,5556.6,5553.6,5560.3,5552.1,5556.8,600,0.5,0.5,0.7,0.5
2025-03-14 08:00:00+00:00,5557.6,5558.1,5548.8,5552.6,5558.0,5558.4,5549.0,5552.8,5558.3,5558.6,5549.3,5553.1,2135,0.7,0.5,0.5,0.5
2025-03-14 08:15:00+00:00,5565.6,5567.8,5556.8,5557.3,5565.8,5568.0,5557.0,5557.6,5566.1,5568.3,5557.3,5557.8,1168,0.5,0.5,0.5,0.5
2025-03-14 08:30:00+00:00,5563.1,5567.3,5559.1,5565.8,5563.4,5567.6,5559.4,5566.2,5563.6,5568.0,5559.6,5566.5,1091,0.5,0.7,0.7,0.5
2025-03-14 08:45:00+00:00,5563.3,5566.1,5561.3,5563.1,5563.6,5566.4,5561.6,5563.4,5563.8,5566.6,5561.8,5563.8,591,0.5,0.7,0.5,0.5
2025-03-14 09:00:00+00:00,5565.6,5568.6,5563.6,5563.6,5565.8,5568.8,5563.8,5563.8,5566.1,5569.1,5564.1,5564.1,842,0.5,0.5,0.5,0.5
2025-03-14 09:15:00+00:00,5566.3,5569.6,5564.6,5565.3,5566.6,5570.0,5565.0,5565.6,5566.8,5570.3,5565.3,5565.8,715,0.5,0.5,0.7,0.7
2025-03-14 09:30:00+00:00,5564.3,5568.6,5563.1,5566.1,5564.6,5569.0,5563.4,5566.4,5564.8,5569.3,5563.6,5566.8,1017,0.5,0.7,0.7,0.5
2025-03-14 09:45:00+00:00,5565.1,5568.6,5562.6,5564.1,5565.4,5568.8,5562.8,5564.4,5565.8,5569.1,5563.1,5564.8,452,0.7,0.7,0.5,0.5
2025-03-14 10:00:00+00:00,5560.6,5566.6,5559.8,5565.3,5560.8,5566.8,5560.0,5565.6,5561.1,5567.1,5560.3,5565.8,586,0.5,0.5,0.5,0.5
2025-03-14 10:15:00+00:00,5560.8,5562.8,5559.1,5560.6,5561.0,5563.0,5559.4,5561.0,5561.3,5563.3,5559.6,5561.3,501,0.5,0.7,0.5,0.5
2025-03-14 10:30:00+00:00,5560.1,5560.8,5554.8,5560.6,5560.4,5561.0,5555.0,5561.0,5560.6,5561.3,5555.3,5561.3,962,0.5,0.7,0.5,0.5
2025-03-14 10:45:00+00:00,5569.1,5574.8,5559.3,5560.3,5569.4,5575.0,5559.6,5560.6,5569.8,5575.3,5559.8,5561.0,1628,0.7,0.7,0.5,0.5
2025-03-14 11:00:00+00:00,5564.8,5571.6,5564.6,5569.1,5565.2,5572.0,5564.8,5569.4,5565.5,5572.3,5565.1,5569.6,1663,0.7,0.5,0.7,0.5
2025-03-14 11:15:00+00:00,5565.6,5566.3,5560.6,5565.1,5565.8,5566.6,5561.0,5565.4,5566.1,5566.8,5561.3,5565.6,949,0.5,0.5,0.5,0.7
2025-03-14 11:30:00+00:00,5571.3,5572.1,5564.6,5565.6,5571.6,5572.4,5565.0,5566.0,5571.8,5572.6,5565.3,5566.3,823,0.5,0.7,0.5,0.7
2025-03-14 11:45:00+00:00,5571.6,5575.1,5570.3,5570.8,5571.8,5575.4,5570.6,5571.0,5572.1,5575.6,5570.8,5571.3,623,0.5,0.5,0.5,0.5
2025-03-14 12:00:00+00:00,5572.6,5575.1,5569.8,5572.1,5572.8,5575.4,5570.0,5572.4,5573.1,5575.6,5570.3,5572.6,898,0.5,0.5,0.5,0.5
2025-03-14 12:15:00+00:00,5582.8,5582.8,5571.8,5572.6,5583.0,5583.0,5572.0,5573.0,5583.3,5583.3,5572.3,5573.3,761,0.5,0.7,0.5,0.5
2025-03-14 12:30:00+00:00,5575.3,5583.8,5574.6,5582.3,5575.6,5584.0,5575.0,5582.6,5575.8,5584.3,5575.3,5582.8,794,0.5,0.5,0.5,0.7
2025-03-14 12:45:00+00:00,5577.6,5580.6,5575.6,5575.6,5577.8,5580.8,5575.8,5575.8,5578.1,5581.1,5576.1,5576.1,716,0.5,0.5,0.5,0.5
2025-03-14 13:00:00+00:00,5573.6,5579.6,5573.3,5577.3,5573.8,5579.8,5573.6,5577.6,5574.1,5580.1,5573.8,5577.8,854,0.5,0.5,0.5,0.5
2025-03-14 13:15:00+00:00,5568.1,5573.6,5566.1,5573.3,5568.4,5574.0,5566.4,5573.6,5568.6,5574.3,5566.8,5574.0,1018,0.5,0.7,0.7,0.7
2025-03-14 13:30:00+00:00,5588.9,5589.4,5564.6,5567.8,5589.1,5589.6,5564.8,5568.2,5589.3,5589.8,5565.0,5568.5,6221,0.4,0.7,0.4,0.4
2025-03-14 13:45:00+00:00,5591.2,5603.9,5588.2,5588.9,5591.5,5604.1,5588.5,5589.2,5591.8,5604.3,5588.8,5589.5,4365,0.6,0.6,0.4,0.6
2025-03-14 14:00:00+00:00,5573.4,5595.4,5562.7,5591.4,5573.6,5595.7,5563.2,5591.6,5573.8,5596.0,5563.8,5591.8,7844,0.4,0.4,0.6,1.1
2025-03-14 14:15:00+00:00,5576.4,5582.9,5565.6,5573.1,5576.6,5583.1,5565.8,5573.3,5576.8,5583.3,5566.0,5573.5,5809,0.4,0.4,0.4,0.4
2025-03-14 14:30:00+00:00,5593.4,5595.4,5575.1,5576.1,5593.6,5595.6,5575.3,5576.3,5593.8,5595.8,5575.5,5576.5,5187,0.4,0.4,0.4,0.4
2025-03-14 14:45:00+00:00,5609.6,5609.6,5592.9,5593.7,5609.8,5609.8,5593.2,5594.0,5610.0,5610.0,5593.5,5594.3,4111,0.4,0.6,0.4,0.6
2025-03-14 15:00:00+00:00,5609.9,5615.9,5606.4,5609.9,5610.1,5616.1,5606.6,5610.1,5610.3,5616.3,5606.8,5610.3,3814,0.4,0.4,0.4,0.4
2025-03-14 15:15:00+00:00,5617.4,5621.9,5610.1,5610.4,5617.6,5622.1,5610.3,5610.6,5617.8,5622.3,5610.5,5610.8,2570,0.4,0.4,0.4,0.4
2025-03-14 15:30:00+00:00,5629.6,5629.9,5617.4,5617.9,5629.8,5630.1,5617.7,5618.1,5630.0,5630.3,5618.0,5618.3,1940,0.4,0.4,0.4,0.6
2025-03-14 15:45:00+00:00,5628.1,5631.4,5619.1,5629.9,5628.3,5631.6,5619.3,5630.1,5628.5,5631.8,5619.5,5630.3,2878,0.4,0.4,0.4,0.4
2025-03-14 16:00:00+00:00,5615.1,5628.9,5612.6,5628.4,5615.3,5629.1,5612.8,5628.6,5615.5,5629.3,5613.0,5628.8,2821,0.4,0.4,0.4,0.4
2025-03-14 16:15:00+00:00,5609.1,5619.4,5606.9,5614.6,5609.3,5619.6,5607.1,5614.8,5609.5,5619.8,5607.3,5615.0,2828,0.4,0.4,0.4,0.4
2025-03-14 16:30:00+00:00,5623.4,5624.4,5607.1,5609.2,5623.6,5624.7,5607.3,5609.5,5623.8,5625.0,5607.5,5609.8,2900,0.4,0.6,0.6,0.4
2025-03-14 16:45:00+00:00,5627.6,5631.1,5619.9,5623.1,5627.8,5631.3,5620.2,5623.3,5628.0,5631.5,5620.5,5623.5,2100,0.4,0.4,0.4,0.6
2025-03-14 17:00:00+00:00,5625.6,5634.9,5623.9,5627.1,5625.8,5635.1,5624.2,5627.3,5626.0,5635.3,5624.5,5627.5,2769,0.4,0.4,0.4,0.6
2025-03-14 17:15:00+00:00,5621.1,5630.4,5618.9,5625.7,5621.3,5630.7,5619.1,5626.0,5621.5,5631.0,5619.3,5626.3,2500,0.4,0.6,0.6,0.4
2025-03-14 17:30:00+00:00,5614.6,5625.9,5613.9,5621.4,5614.8,5626.2,5614.1,5621.6,5615.0,5626.5,5614.3,5621.8,2466,0.4,0.4,0.6,0.4
2025-03-14 17:45:00+00:00,5612.9,5620.9,5611.6,5614.1,5613.2,5621.1,5611.8,5614.3,5613.5,5621.3,5612.0,5614.5,2349,0.6,0.4,0.4,0.4
2025-03-14 18:00:00+00:00,5614.1,5624.4,5613.1,5613.1,5614.3,5624.6,5613.3,5613.3,5614.5,5624.8,5613.5,5613.5,2465,0.4,0.4,0.4,0.4
2025-03-14 18:15:00+00:00,5613.4,5616.4,5609.1,5614.4,5613.6,5616.6,5609.3,5614.6,5613.8,5616.8,5609.5,5614.8,2808,0.4,0.4,0.4,0.4
2025-03-14 18:30:00+00:00,5626.9,5629.4,5613.7,5613.9,5627.1,5629.7,5614.0,5614.1,5627.3,5630.0,5614.3,5614.3,1906,0.4,0.4,0.6,0.6
2025-03-14 18:45:00+00:00,5624.6,5631.4,5619.2,5627.4,5624.8,5631.6,5619.5,5627.6,5625.0,5631.8,5619.8,5627.8,1946,0.4,0.4,0.4,0.6
2025-03-14 19:00:00+00:00,5633.9,5634.4,5621.4,5624.1,5634.1,5634.6,5621.7,5624.3,5634.3,5634.8,5622.0,5624.5,1663,0.4,0.4,0.4,0.6
2025-03-14 19:15:00+00:00,5624.9,5633.9,5623.9,5633.6,5625.1,5634.1,5624.1,5633.8,5625.3,5634.3,5624.3,5634.0,1960,0.4,0.4,0.4,0.4
2025-03-14 19:30:00+00:00,5626.1,5629.9,5620.1,5624.9,5626.3,5630.1,5620.3,5625.2,5626.5,5630.3,5620.5,5625.5,1903,0.4,0.6,0.4,0.4
2025-03-14 19:45:00+00:00,5634.1,5644.9,5623.9,5625.6,5634.3,5645.1,5624.2,5625.8,5634.5,5645.3,5624.5,5626.0,2224,0.4,0.4,0.4,0.6
2025-03-14 20:00:00+00:00,5622.3,5633.6,5621.6,5633.6,5622.6,5633.8,5621.8,5633.8,5622.8,5634.1,5622.1,5634.0,995,0.5,0.4,0.5,0.5
2025-03-14 20:15:00+00:00,5622.1,5625.1,5617.8,5622.8,5622.4,5625.4,5618.0,5623.0,5622.6,5625.6,5618.3,5623.3,318,0.5,0.5,0.5,0.5
2025-03-14 20:30:00+00:00,5623.6,5625.3,5621.6,5622.1,5623.8,5625.6,5622.0,5622.4,5624.1,5625.8,5622.3,5622.8,263,0.5,0.7,0.5,0.7
2025-03-14 20:45:00+00:00,5623.3,5624.6,5622.1,5623.6,5623.6,5624.8,5622.4,5624.0,5623.8,5625.1,5622.8,5624.3,279,0.5,0.7,0.5,0.7
