time,entry,sl,tp,trailing_sl,exit_price,exit_time,status,exit_rr,exit_type,trail_sl_history,balance_before,risk_amount,profit,balance_after,withdrawal,total_withdrawn,investment,total_invested,total_equity,direction,duration,pips
2025-01-10 19:25:00+00:00,5842.41015625,5838.16015625,5855.16015625,5848.78515625,5848.78515625,2025-01-10 19:30:00+00:00,win,1.5,TSL,"[(-1, Timestamp('2025-01-10 19:25:00+0000', tz='UTC'), np.float64(5838.16015625)), (np.float64(1.5), Timestamp('2025-01-10 19:30:00+0000', tz='UTC'), np.float64(5848.78515625))]","$1,000.00",$500.00,$750.00,"$1,750.00",$0.00,$0.00,$0.00,"$1,000.00","$1,750.00",bullish,0 days 00:05:00,6.375
2025-01-10 20:40:00+00:00,5826.39013671875,5831.97021484375,5809.64990234375,5776.16943359375,5776.16943359375,2025-01-13 14:35:00+00:00,win,9.0,TSL,"[(-1, Timestamp('2025-01-10 20:40:00+0000', tz='UTC'), np.float64(5831.97021484375)), (np.float64(9.0), Timestamp('2025-01-13 14:35:00+0000', tz='UTC'), np.float64(5776.16943359375))]","$1,750.00",$875.00,"$7,875.00","$8,625.00","$1,000.00","$1,000.00",$0.00,"$1,000.00","$9,625.00",bearish,2 days 17:55:00,50.220703125
2025-01-13 15:10:00+00:00,5796.10986328125,5806.18994140625,5765.86962890625,5780.98974609375,5780.98974609375,2025-01-13 15:30:00+00:00,win,1.5,TSL,"[(-1, Timestamp('2025-01-13 15:10:00+0000', tz='UTC'), np.float64(5806.18994140625)), (np.float64(1.5), Timestamp('2025-01-13 15:30:00+0000', tz='UTC'), np.float64(5780.98974609375))]","$8,625.00","$4,312.50","$6,468.75","$12,093.75","$3,000.00","$4,000.00",$0.00,"$1,000.00","$16,093.75",bearish,0 days 00:20:00,15.1201171875
2025-01-13 15:50:00+00:00,5811.43017578125,5811.990234375,5809.75,5801.34912109375,5801.34912109375,2025-01-13 15:55:00+00:00,win,18.0,TSL,"[(-1, Timestamp('2025-01-13 15:50:00+0000', tz='UTC'), np.float64(5811.990234375)), (np.float64(18.0), Timestamp('2025-01-13 15:55:00+0000', tz='UTC'), np.float64(5801.34912109375))]","$12,093.75","$6,046.88","$108,843.75","$96,937.50","$24,000.00","$28,000.00",$0.00,"$1,000.00","$124,937.50",bearish,0 days 00:05:00,10.0810546875
2025-01-13 17:30:00+00:00,5803.490234375,5806.22021484375,5795.30029296875,5799.395263671875,5799.395263671875,2025-01-13 17:40:00+00:00,win,1.5,TSL,"[(-1, Timestamp('2025-01-13 17:30:00+0000', tz='UTC'), np.float64(5806.22021484375)), (np.float64(1.5), Timestamp('2025-01-13 17:40:00+0000', tz='UTC'), np.float64(5799.395263671875))]","$96,937.50","$48,468.75","$72,703.12","$136,640.62","$33,000.00","$61,000.00",$0.00,"$1,000.00","$197,640.62",bearish,0 days 00:10:00,4.094970703125
2025-01-13 17:55:00+00:00,5804.89990234375,5807.8701171875,5795.9892578125,,5807.8701171875,2025-01-13 18:00:00+00:00,loss,-1.0,SL,"[(-1, Timestamp('2025-01-13 17:55:00+0000', tz='UTC'), np.float64(5807.8701171875))]","$136,640.62","$68,320.31","$-68,320.31","$55,320.31","$13,000.00","$74,000.00",$0.00,"$1,000.00","$129,320.31",bearish,0 days 00:05:00,-2.97021484375
2025-01-13 19:25:00+00:00,5816.56005859375,5811.41015625,5832.009765625,5824.284912109375,5824.284912109375,2025-01-13 19:30:00+00:00,win,1.5,TSL,"[(-1, Timestamp('2025-01-13 19:25:00+0000', tz='UTC'), np.float64(5811.41015625)), (np.float64(1.5), Timestamp('2025-01-13 19:30:00+0000', tz='UTC'), np.float64(5824.284912109375))]","$55,320.31","$27,660.16","$41,490.23","$77,810.55","$19,000.00","$93,000.00",$0.00,"$1,000.00","$170,810.55",bullish,0 days 00:05:00,7.724853515625
2025-01-14 15:00:00+00:00,5844.419921875,5841.830078125,5852.189453125,5852.189453125,5852.189453125,2025-01-14 15:05:00+00:00,win,3.0,TSL,"[(-1, Timestamp('2025-01-14 15:00:00+0000', tz='UTC'), np.float64(5841.830078125)), (np.float64(3.0), Timestamp('2025-01-14 15:05:00+0000', tz='UTC'), np.float64(5852.189453125))]","$77,810.55","$38,905.27","$116,715.82","$156,526.37","$38,000.00","$131,000.00",$0.00,"$1,000.00","$287,526.37",bullish,0 days 00:05:00,7.76953125
2025-01-14 15:55:00+00:00,5849.2099609375,5840.4599609375,5875.4599609375,,5840.4599609375,2025-01-14 16:00:00+00:00,loss,-1.0,SL,"[(-1, Timestamp('2025-01-14 15:55:00+0000', tz='UTC'), np.float64(5840.4599609375))]","$156,526.37","$78,263.18","$-78,263.18","$63,263.18","$15,000.00","$146,000.00",$0.00,"$1,000.00","$209,263.18",bullish,0 days 00:05:00,-8.75
2025-01-14 16:10:00+00:00,5832.759765625,5830.759765625,5838.759765625,,5830.759765625,2025-01-14 16:15:00+00:00,loss,-1.0,SL,"[(-1, Timestamp('2025-01-14 16:10:00+0000', tz='UTC'), np.float64(5830.759765625))]","$63,263.18","$31,631.59","$-31,631.59","$25,631.59","$6,000.00","$152,000.00",$0.00,"$1,000.00","$177,631.59",bullish,0 days 00:05:00,-2.0
2025-01-14 17:05:00+00:00,5811.58984375,5807.8701171875,5822.7490234375,5817.16943359375,5817.16943359375,2025-01-14 17:15:00+00:00,win,1.5,TSL,"[(-1, Timestamp('2025-01-14 17:05:00+0000', tz='UTC'), np.float64(5807.8701171875)), (np.float64(1.5), Timestamp('2025-01-14 17:15:00+0000', tz='UTC'), np.float64(5817.16943359375))]","$25,631.59","$12,815.80","$19,223.69","$36,855.29","$8,000.00","$160,000.00",$0.00,"$1,000.00","$196,855.29",bullish,0 days 00:10:00,5.57958984375
2025-01-14 17:40:00+00:00,5814.60986328125,5807.8701171875,5834.8291015625,5824.719482421875,5824.719482421875,2025-01-14 17:55:00+00:00,win,1.5,TSL,"[(-1, Timestamp('2025-01-14 17:40:00+0000', tz='UTC'), np.float64(5807.8701171875)), (np.float64(1.5), Timestamp('2025-01-14 17:55:00+0000', tz='UTC'), np.float64(5824.719482421875))]","$36,855.29","$18,427.64","$27,641.46","$52,496.75","$12,000.00","$172,000.00",$0.00,"$1,000.00","$224,496.75",bullish,0 days 00:15:00,10.109619140625
2025-01-14 18:20:00+00:00,5833.27978515625,5835.27978515625,5827.27978515625,,5835.27978515625,2025-01-14 18:25:00+00:00,loss,-1.0,SL,"[(-1, Timestamp('2025-01-14 18:20:00+0000', tz='UTC'), np.float64(5835.27978515625))]","$52,496.75","$26,248.37","$-26,248.37","$21,248.37","$5,000.00","$177,000.00",$0.00,"$1,000.00","$198,248.37",bearish,0 days 00:05:00,-2.0
2025-01-14 20:10:00+00:00,5817.43994140625,5810.72998046875,5837.56982421875,5827.5048828125,5827.5048828125,2025-01-14 20:35:00+00:00,win,1.5,TSL,"[(-1, Timestamp('2025-01-14 20:10:00+0000', tz='UTC'), np.float64(5810.72998046875)), (np.float64(1.5), Timestamp('2025-01-14 20:35:00+0000', tz='UTC'), np.float64(5827.5048828125))]","$21,248.37","$10,624.19","$15,936.28","$30,184.66","$7,000.00","$184,000.00",$0.00,"$1,000.00","$214,184.66",bullish,0 days 00:25:00,10.06494140625
2025-01-15 19:50:00+00:00,5953.490234375,5951.419921875,5959.701171875,5956.595703125,5956.595703125,2025-01-15 20:05:00+00:00,win,1.5,TSL,"[(-1, Timestamp('2025-01-15 19:50:00+0000', tz='UTC'), np.float64(5951.419921875)), (np.float64(1.5), Timestamp('2025-01-15 20:05:00+0000', tz='UTC'), np.float64(5956.595703125))]","$30,184.66","$15,092.33","$22,638.49","$42,823.15","$10,000.00","$194,000.00",$0.00,"$1,000.00","$236,823.15",bullish,0 days 00:15:00,3.10546875
2025-01-16 15:05:00+00:00,5940.580078125,5937.43017578125,5950.02978515625,5950.02978515625,5950.02978515625,2025-01-16 15:10:00+00:00,win,3.0,TSL,"[(-1, Timestamp('2025-01-16 15:05:00+0000', tz='UTC'), np.float64(5937.43017578125)), (np.float64(3.0), Timestamp('2025-01-16 15:10:00+0000', tz='UTC'), np.float64(5950.02978515625))]","$42,823.15","$21,411.57","$64,234.72","$86,057.87","$21,000.00","$215,000.00",$0.00,"$1,000.00","$301,057.87",bullish,0 days 00:05:00,9.44970703125
2025-01-16 15:40:00+00:00,5950.2900390625,5939.6298828125,5982.2705078125,,5939.6298828125,2025-01-16 18:35:00+00:00,loss,-1.0,SL,"[(-1, Timestamp('2025-01-16 15:40:00+0000', tz='UTC'), np.float64(5939.6298828125))]","$86,057.87","$43,028.94","$-43,028.94","$35,028.94","$8,000.00","$223,000.00",$0.00,"$1,000.00","$258,028.94",bullish,0 days 02:55:00,-10.66015625
2025-01-16 18:40:00+00:00,5939.93994140625,5937.509765625,5947.23046875,,5937.509765625,2025-01-16 18:45:00+00:00,loss,-1.0,SL,"[(-1, Timestamp('2025-01-16 18:40:00+0000', tz='UTC'), np.float64(5937.509765625))]","$35,028.94","$17,514.47","$-17,514.47","$14,514.47","$3,000.00","$226,000.00",$0.00,"$1,000.00","$240,514.47",bullish,0 days 00:05:00,-2.43017578125
2025-01-17 14:45:00+00:00,5982.080078125,5978.43994140625,5993.00048828125,5987.540283203125,5987.540283203125,2025-01-17 14:50:00+00:00,win,1.5,TSL,"[(-1, Timestamp('2025-01-17 14:45:00+0000', tz='UTC'), np.float64(5978.43994140625)), (np.float64(1.5), Timestamp('2025-01-17 14:50:00+0000', tz='UTC'), np.float64(5987.540283203125))]","$14,514.47","$7,257.23","$10,885.85","$20,400.32","$5,000.00","$231,000.00",$0.00,"$1,000.00","$251,400.32",bullish,0 days 00:05:00,5.460205078125
2025-01-21 15:55:00+00:00,6022.4599609375,6016.39990234375,6040.64013671875,6031.550048828125,6031.550048828125,2025-01-21 16:35:00+00:00,win,1.5,TSL,"[(-1, Timestamp('2025-01-21 15:55:00+0000', tz='UTC'), np.float64(6016.39990234375)), (np.float64(1.5), Timestamp('2025-01-21 16:35:00+0000', tz='UTC'), np.float64(6031.550048828125))]","$20,400.32","$10,200.16","$15,300.24","$28,700.56","$7,000.00","$238,000.00",$0.00,"$1,000.00","$266,700.56",bullish,0 days 00:40:00,9.090087890625
2025-01-22 14:45:00+00:00,6079.35009765625,6076.1298828125,6089.0107421875,6086.5955810546875,6086.5955810546875,2025-01-22 15:00:00+00:00,win,2.25,TSL,"[(-1, Timestamp('2025-01-22 14:45:00+0000', tz='UTC'), np.float64(6076.1298828125)), (np.float64(1.5), Timestamp('2025-01-22 14:55:00+0000', tz='UTC'), np.float64(6084.180419921875)), (np.float64(2.25), Timestamp('2025-01-22 15:00:00+0000', tz='UTC'), np.float64(6086.5955810546875))]","$28,700.56","$14,350.28","$32,288.13","$48,988.68","$12,000.00","$250,000.00",$0.00,"$1,000.00","$298,988.68",bullish,0 days 00:15:00,7.2454833984375
2025-01-22 20:55:00+00:00,6087.7900390625,6083.72021484375,6099.99951171875,,6083.72021484375,2025-01-23 14:30:00+00:00,loss,-1.0,SL,"[(-1, Timestamp('2025-01-22 20:55:00+0000', tz='UTC'), np.float64(6083.72021484375))]","$48,988.68","$24,494.34","$-24,494.34","$20,494.34","$4,000.00","$254,000.00",$0.00,"$1,000.00","$274,494.34",bullish,0 days 17:35:00,-4.06982421875
2025-01-23 14:35:00+00:00,6079.7099609375,6074.669921875,6094.830078125,6091.050048828125,6091.050048828125,2025-01-23 16:05:00+00:00,win,2.25,TSL,"[(-1, Timestamp('2025-01-23 14:35:00+0000', tz='UTC'), np.float64(6074.669921875)), (np.float64(1.5), Timestamp('2025-01-23 15:50:00+0000', tz='UTC'), np.float64(6087.27001953125)), (np.float64(2.25), Timestamp('2025-01-23 16:05:00+0000', tz='UTC'), np.float64(6091.050048828125))]","$20,494.34","$10,247.17","$23,056.13","$35,550.48","$8,000.00","$262,000.00",$0.00,"$1,000.00","$297,550.48",bullish,0 days 01:30:00,11.340087890625
2025-01-24 15:30:00+00:00,6113.3798828125,6112.6201171875,6115.6591796875,6115.6591796875,6115.6591796875,2025-01-24 15:35:00+00:00,win,3.0,TSL,"[(-1, Timestamp('2025-01-24 15:30:00+0000', tz='UTC'), np.float64(6112.6201171875)), (np.float64(3.0), Timestamp('2025-01-24 15:35:00+0000', tz='UTC'), np.float64(6115.6591796875))]","$35,550.48","$17,775.24","$53,325.72","$71,876.19","$17,000.00","$279,000.00",$0.00,"$1,000.00","$350,876.19",bullish,0 days 00:05:00,2.279296875
2025-01-24 15:45:00+00:00,6113.509765625,6111.14990234375,6120.58935546875,6117.049560546875,6117.049560546875,2025-01-24 16:15:00+00:00,win,1.5,TSL,"[(-1, Timestamp('2025-01-24 15:45:00+0000', tz='UTC'), np.float64(6111.14990234375)), (np.float64(1.5), Timestamp('2025-01-24 16:15:00+0000', tz='UTC'), np.float64(6117.049560546875))]","$71,876.19","$35,938.10","$53,907.14","$100,783.34","$25,000.00","$304,000.00",$0.00,"$1,000.00","$404,783.34",bullish,0 days 00:30:00,3.539794921875
2025-01-24 19:55:00+00:00,6099.2900390625,6099.77001953125,6097.85009765625,6094.250244140625,6094.250244140625,2025-01-24 20:00:00+00:00,win,10.5,TSL,"[(-1, Timestamp('2025-01-24 19:55:00+0000', tz='UTC'), np.float64(6099.77001953125)), (np.float64(10.5), Timestamp('2025-01-24 20:00:00+0000', tz='UTC'), np.float64(6094.250244140625))]","$100,783.34","$50,391.67","$529,112.51","$504,895.85","$125,000.00","$429,000.00",$0.00,"$1,000.00","$933,895.85",bearish,0 days 00:05:00,5.039794921875
2025-01-27 14:35:00+00:00,5992.31982421875,5962.919921875,6080.51953125,6036.419677734375,6036.419677734375,2025-01-28 16:25:00+00:00,win,1.5,TSL,"[(-1, Timestamp('2025-01-27 14:35:00+0000', tz='UTC'), np.float64(5962.919921875)), (np.float64(1.5), Timestamp('2025-01-28 15:25:00+0000', tz='UTC'), np.float64(6036.419677734375))]","$504,895.85","$252,447.92","$378,671.89","$707,567.74","$176,000.00","$605,000.00",$0.00,"$1,000.00","$1,312,567.74",bullish,1 days 01:50:00,44.099853515625
2025-01-28 16:45:00+00:00,6036.35009765625,6040.240234375,6024.6796875,,6040.240234375,2025-01-28 16:50:00+00:00,loss,-1.0,SL,"[(-1, Timestamp('2025-01-28 16:45:00+0000', tz='UTC'), np.float64(6040.240234375))]","$707,567.74","$353,783.87","$-353,783.87","$283,783.87","$70,000.00","$675,000.00",$0.00,"$1,000.00","$958,783.87",bearish,0 days 00:05:00,-3.89013671875
2025-01-28 19:20:00+00:00,6059.16015625,6059.9501953125,6056.7900390625,,6059.9501953125,2025-01-28 19:25:00+00:00,loss,-1.0,SL,"[(-1, Timestamp('2025-01-28 19:20:00+0000', tz='UTC'), np.float64(6059.9501953125))]","$283,783.87","$141,891.93","$-141,891.93","$113,891.93","$28,000.00","$703,000.00",$0.00,"$1,000.00","$816,891.93",bearish,0 days 00:05:00,-0.7900390625
2025-01-28 19:35:00+00:00,6064.89990234375,6065.6201171875,6062.7392578125,,6065.6201171875,2025-01-28 19:40:00+00:00,loss,-1.0,SL,"[(-1, Timestamp('2025-01-28 19:35:00+0000', tz='UTC'), np.float64(6065.6201171875))]","$113,891.93","$56,945.97","$-56,945.97","$45,945.97","$11,000.00","$714,000.00",$0.00,"$1,000.00","$759,945.97",bearish,0 days 00:05:00,-0.72021484375
2025-01-28 20:50:00+00:00,6067.3798828125,6073.1298828125,6050.1298828125,6054.4423828125,6054.4423828125,2025-01-29 14:40:00+00:00,win,2.25,TSL,"[(-1, Timestamp('2025-01-28 20:50:00+0000', tz='UTC'), np.float64(6073.1298828125)), (np.float64(1.5), Timestamp('2025-01-29 14:35:00+0000', tz='UTC'), np.float64(6058.7548828125)), (np.float64(2.25), Timestamp('2025-01-29 14:40:00+0000', tz='UTC'), np.float64(6054.4423828125))]","$45,945.97","$22,972.98","$51,689.21","$78,635.18","$19,000.00","$733,000.00",$0.00,"$1,000.00","$811,635.18",bearish,0 days 17:50:00,12.9375
2025-01-29 14:55:00+00:00,6054.56982421875,6056.259765625,6049.5,6052.034912109375,6052.034912109375,2025-01-29 15:00:00+00:00,win,1.5,TSL,"[(-1, Timestamp('2025-01-29 14:55:00+0000', tz='UTC'), np.float64(6056.259765625)), (np.float64(1.5), Timestamp('2025-01-29 15:00:00+0000', tz='UTC'), np.float64(6052.034912109375))]","$78,635.18","$39,317.59","$58,976.39","$110,611.57","$27,000.00","$760,000.00",$0.00,"$1,000.00","$870,611.57",bearish,0 days 00:05:00,2.534912109375
2025-01-29 15:15:00+00:00,6054.9599609375,6062.830078125,6031.349609375,6043.15478515625,6043.15478515625,2025-01-29 16:20:00+00:00,win,1.5,TSL,"[(-1, Timestamp('2025-01-29 15:15:00+0000', tz='UTC'), np.float64(6062.830078125)), (np.float64(1.5), Timestamp('2025-01-29 16:20:00+0000', tz='UTC'), np.float64(6043.15478515625))]","$110,611.57","$55,305.78","$82,958.67","$155,570.24","$38,000.00","$798,000.00",$0.00,"$1,000.00","$953,570.24",bearish,0 days 01:05:00,11.80517578125
2025-01-29 18:10:00+00:00,6036.52001953125,6017.240234375,6094.359375,,6017.240234375,2025-01-29 19:10:00+00:00,loss,-1.0,SL,"[(-1, Timestamp('2025-01-29 18:10:00+0000', tz='UTC'), np.float64(6017.240234375))]","$155,570.24","$77,785.12","$-77,785.12","$62,785.12","$15,000.00","$813,000.00",$0.00,"$1,000.00","$875,785.12",bullish,0 days 01:00:00,-19.27978515625
2025-01-29 19:30:00+00:00,6014.43994140625,6020.8701171875,5995.1494140625,,6020.8701171875,2025-01-29 19:35:00+00:00,loss,-1.0,SL,"[(-1, Timestamp('2025-01-29 19:30:00+0000', tz='UTC'), np.float64(6020.8701171875))]","$62,785.12","$31,392.56","$-31,392.56","$25,392.56","$6,000.00","$819,000.00",$0.00,"$1,000.00","$844,392.56",bearish,0 days 00:05:00,-6.43017578125
2025-01-29 19:40:00+00:00,6035.240234375,6035.759765625,6033.681640625,6034.4609375,6034.4609375,2025-01-29 19:45:00+00:00,win,1.5,TSL,"[(-1, Timestamp('2025-01-29 19:40:00+0000', tz='UTC'), np.float64(6035.759765625)), (np.float64(1.5), Timestamp('2025-01-29 19:45:00+0000', tz='UTC'), np.float64(6034.4609375))]","$25,392.56","$12,696.28","$19,044.42","$36,436.98","$8,000.00","$827,000.00",$0.00,"$1,000.00","$863,436.98",bearish,0 days 00:05:00,0.779296875
2025-01-29 19:50:00+00:00,6044.669921875,6050.93994140625,6025.85986328125,6035.264892578125,6035.264892578125,2025-01-29 20:05:00+00:00,win,1.5,TSL,"[(-1, Timestamp('2025-01-29 19:50:00+0000', tz='UTC'), np.float64(6050.93994140625)), (np.float64(1.5), Timestamp('2025-01-29 20:05:00+0000', tz='UTC'), np.float64(6035.264892578125))]","$36,436.98","$18,218.49","$27,327.73","$51,764.71","$12,000.00","$839,000.00",$0.00,"$1,000.00","$890,764.71",bearish,0 days 00:15:00,9.405029296875
2025-01-29 20:30:00+00:00,6054.27001953125,6057.27001953125,6045.27001953125,6040.77001953125,6040.77001953125,2025-01-29 20:40:00+00:00,win,4.5,TSL,"[(-1, Timestamp('2025-01-29 20:30:00+0000', tz='UTC'), np.float64(6057.27001953125)), (np.float64(4.5), Timestamp('2025-01-29 20:40:00+0000', tz='UTC'), np.float64(6040.77001953125))]","$51,764.71","$25,882.36","$116,470.61","$135,235.32","$33,000.00","$872,000.00",$0.00,"$1,000.00","$1,007,235.32",bearish,0 days 00:10:00,13.5
2025-01-30 14:35:00+00:00,6057.18994140625,6064.18994140625,6036.18994140625,,6064.18994140625,2025-01-30 14:40:00+00:00,loss,-1.0,SL,"[(-1, Timestamp('2025-01-30 14:35:00+0000', tz='UTC'), np.float64(6064.18994140625))]","$135,235.32","$67,617.66","$-67,617.66","$54,617.66","$13,000.00","$885,000.00",$0.00,"$1,000.00","$939,617.66",bearish,0 days 00:05:00,-7.0
2025-01-30 15:30:00+00:00,6046.8701171875,6060.72021484375,6005.31982421875,,6060.72021484375,2025-01-30 16:50:00+00:00,loss,-1.0,SL,"[(-1, Timestamp('2025-01-30 15:30:00+0000', tz='UTC'), np.float64(6060.72021484375))]","$54,617.66","$27,308.83","$-27,308.83","$22,308.83","$5,000.00","$890,000.00",$0.00,"$1,000.00","$912,308.83",bearish,0 days 01:20:00,-13.85009765625
2025-01-30 17:45:00+00:00,6046.22998046875,6052.3701171875,6027.8095703125,,6052.3701171875,2025-01-30 17:50:00+00:00,loss,-1.0,SL,"[(-1, Timestamp('2025-01-30 17:45:00+0000', tz='UTC'), np.float64(6052.3701171875))]","$22,308.83","$11,154.42","$-11,154.42","$9,154.42","$2,000.00","$892,000.00",$0.00,"$1,000.00","$901,154.42",bearish,0 days 00:05:00,-6.14013671875
2025-01-30 18:10:00+00:00,6059.52978515625,6060.47021484375,6056.70849609375,6058.119140625,6058.119140625,2025-01-30 18:15:00+00:00,win,1.5,TSL,"[(-1, Timestamp('2025-01-30 18:10:00+0000', tz='UTC'), np.float64(6060.47021484375)), (np.float64(1.5), Timestamp('2025-01-30 18:15:00+0000', tz='UTC'), np.float64(6058.119140625))]","$9,154.42","$4,577.21","$6,865.81","$13,020.23","$3,000.00","$895,000.00",$0.00,"$1,000.00","$908,020.23",bearish,0 days 00:05:00,1.41064453125
2025-01-30 18:20:00+00:00,6058.7900390625,6059.97998046875,6055.22021484375,,6059.97998046875,2025-01-30 18:25:00+00:00,loss,-1.0,SL,"[(-1, Timestamp('2025-01-30 18:20:00+0000', tz='UTC'), np.float64(6059.97998046875))]","$13,020.23","$6,510.11","$-6,510.11","$5,510.11","$1,000.00","$896,000.00",$0.00,"$1,000.00","$901,510.11",bearish,0 days 00:05:00,-1.18994140625
2025-01-30 18:30:00+00:00,6059.81982421875,6063.10986328125,6049.94970703125,,6063.10986328125,2025-01-30 18:35:00+00:00,loss,-1.0,SL,"[(-1, Timestamp('2025-01-30 18:30:00+0000', tz='UTC'), np.float64(6063.10986328125))]","$5,510.11","$2,755.06","$-2,755.06","$2,755.06",$0.00,"$896,000.00",$0.00,"$1,000.00","$898,755.06",bearish,0 days 00:05:00,-3.2900390625
2025-01-30 18:40:00+00:00,6069.1201171875,6069.85986328125,6066.90087890625,6068.010498046875,6068.010498046875,2025-01-30 18:45:00+00:00,win,1.5,TSL,"[(-1, Timestamp('2025-01-30 18:40:00+0000', tz='UTC'), np.float64(6069.85986328125)), (np.float64(1.5), Timestamp('2025-01-30 18:45:00+0000', tz='UTC'), np.float64(6068.010498046875))]","$2,755.06","$1,377.53","$2,066.29","$4,821.35",$0.00,"$896,000.00",$0.00,"$1,000.00","$900,821.35",bearish,0 days 00:05:00,1.109619140625
2025-01-30 18:55:00+00:00,6069.2998046875,6070.39013671875,6066.02880859375,6067.664306640625,6067.664306640625,2025-01-30 19:00:00+00:00,win,1.5,TSL,"[(-1, Timestamp('2025-01-30 18:55:00+0000', tz='UTC'), np.float64(6070.39013671875)), (np.float64(1.5), Timestamp('2025-01-30 19:00:00+0000', tz='UTC'), np.float64(6067.664306640625))]","$4,821.35","$2,410.67","$3,616.01","$7,437.36","$1,000.00","$897,000.00",$0.00,"$1,000.00","$904,437.36",bearish,0 days 00:05:00,1.635498046875
2025-01-30 19:05:00+00:00,6067.08984375,6070.990234375,6055.388671875,,6070.990234375,2025-01-30 19:10:00+00:00,loss,-1.0,SL,"[(-1, Timestamp('2025-01-30 19:05:00+0000', tz='UTC'), np.float64(6070.990234375))]","$7,437.36","$3,718.68","$-3,718.68","$3,718.68",$0.00,"$897,000.00",$0.00,"$1,000.00","$900,718.68",bearish,0 days 00:05:00,-3.900390625
2025-01-30 19:35:00+00:00,6067.14990234375,6066.81982421875,6068.14013671875,6069.13037109375,6069.13037109375,2025-01-30 19:40:00+00:00,win,6.0,TSL,"[(-1, Timestamp('2025-01-30 19:35:00+0000', tz='UTC'), np.float64(6066.81982421875)), (np.float64(6.0), Timestamp('2025-01-30 19:40:00+0000', tz='UTC'), np.float64(6069.13037109375))]","$3,718.68","$1,859.34","$11,156.04","$12,874.72","$2,000.00","$899,000.00",$0.00,"$1,000.00","$911,874.72",bullish,0 days 00:05:00,1.98046875
2025-01-31 14:40:00+00:00,6097.490234375,6091.10009765625,6116.66064453125,6107.075439453125,6107.075439453125,2025-01-31 15:05:00+00:00,win,1.5,TSL,"[(-1, Timestamp('2025-01-31 14:40:00+0000', tz='UTC'), np.float64(6091.10009765625)), (np.float64(1.5), Timestamp('2025-01-31 15:05:00+0000', tz='UTC'), np.float64(6107.075439453125))]","$12,874.72","$6,437.36","$9,656.04","$18,530.76","$4,000.00","$903,000.00",$0.00,"$1,000.00","$921,530.76",bullish,0 days 00:25:00,9.585205078125
2025-01-31 15:15:00+00:00,6108.7900390625,6111.31982421875,6101.20068359375,6104.995361328125,6104.995361328125,2025-01-31 15:25:00+00:00,win,1.5,TSL,"[(-1, Timestamp('2025-01-31 15:15:00+0000', tz='UTC'), np.float64(6111.31982421875)), (np.float64(1.5), Timestamp('2025-01-31 15:25:00+0000', tz='UTC'), np.float64(6104.995361328125))]","$18,530.76","$9,265.38","$13,898.07","$26,428.84","$6,000.00","$909,000.00",$0.00,"$1,000.00","$935,428.84",bearish,0 days 00:10:00,3.794677734375
2025-01-31 17:10:00+00:00,6107.8701171875,6102.02978515625,6125.39111328125,6116.630615234375,6116.630615234375,2025-01-31 17:35:00+00:00,win,1.5,TSL,"[(-1, Timestamp('2025-01-31 17:10:00+0000', tz='UTC'), np.float64(6102.02978515625)), (np.float64(1.5), Timestamp('2025-01-31 17:35:00+0000', tz='UTC'), np.float64(6116.630615234375))]","$26,428.84","$13,214.42","$19,821.63","$37,250.47","$9,000.00","$918,000.00",$0.00,"$1,000.00","$955,250.47",bullish,0 days 00:25:00,8.760498046875
2025-01-31 19:35:00+00:00,6070.669921875,6070.7001953125,6070.5791015625,6057.046875,6057.046875,2025-01-31 19:40:00+00:00,win,450.0,TSL,"[(-1, Timestamp('2025-01-31 19:35:00+0000', tz='UTC'), np.float64(6070.7001953125)), (np.float64(450.0), Timestamp('2025-01-31 19:40:00+0000', tz='UTC'), np.float64(6057.046875))]","$37,250.47","$18,625.23","$8,381,354.63","$6,735,605.10","$1,683,000.00","$2,601,000.00",$0.00,"$1,000.00","$9,336,605.10",bearish,0 days 00:05:00,13.623046875
2025-01-31 20:55:00+00:00,6039.43994140625,6051.97021484375,6001.84912109375,5945.462890625,5945.462890625,2025-02-03 14:35:00+00:00,win,7.5,TSL,"[(-1, Timestamp('2025-01-31 20:55:00+0000', tz='UTC'), np.float64(6051.97021484375)), (np.float64(7.5), Timestamp('2025-02-03 14:35:00+0000', tz='UTC'), np.float64(5945.462890625))]","$6,735,605.10","$3,367,802.55","$25,258,519.12","$25,596,124.22","$6,398,000.00","$8,999,000.00",$0.00,"$1,000.00","$34,595,124.22",bearish,2 days 17:40:00,93.97705078125
2025-02-03 15:15:00+00:00,5929.5498046875,5928.97021484375,5931.28857421875,5930.419189453125,5930.419189453125,2025-02-03 15:20:00+00:00,win,1.5,TSL,"[(-1, Timestamp('2025-02-03 15:15:00+0000', tz='UTC'), np.float64(5928.97021484375)), (np.float64(1.5), Timestamp('2025-02-03 15:20:00+0000', tz='UTC'), np.float64(5930.419189453125))]","$25,596,124.22","$12,798,062.11","$19,197,093.17","$35,835,217.39","$8,958,000.00","$17,957,000.00",$0.00,"$1,000.00","$53,792,217.39",bullish,0 days 00:05:00,0.869384765625
2025-02-03 15:25:00+00:00,5970.419921875,5923.93017578125,6109.88916015625,6040.154541015625,6040.154541015625,2025-02-04 16:35:00+00:00,win,1.5,TSL,"[(-1, Timestamp('2025-02-03 15:25:00+0000', tz='UTC'), np.float64(5923.93017578125)), (np.float64(1.5), Timestamp('2025-02-04 16:35:00+0000', tz='UTC'), np.float64(6040.154541015625))]","$35,835,217.39","$17,917,608.69","$26,876,413.04","$50,169,630.43","$12,542,000.00","$30,499,000.00",$0.00,"$1,000.00","$80,668,630.43",bullish,1 days 01:10:00,69.734619140625
2025-02-04 17:25:00+00:00,6025.93017578125,6020.740234375,6041.5,,6020.740234375,2025-02-04 17:30:00+00:00,loss,-1.0,SL,"[(-1, Timestamp('2025-02-04 17:25:00+0000', tz='UTC'), np.float64(6020.740234375))]","$50,169,630.43","$25,084,815.21","$-25,084,815.21","$20,068,815.21","$5,016,000.00","$35,515,000.00",$0.00,"$1,000.00","$55,583,815.21",bullish,0 days 00:05:00,-5.18994140625
2025-02-05 15:00:00+00:00,6020.7900390625,6019.169921875,6025.650390625,6023.22021484375,6023.22021484375,2025-02-05 15:05:00+00:00,win,1.5,TSL,"[(-1, Timestamp('2025-02-05 15:00:00+0000', tz='UTC'), np.float64(6019.169921875)), (np.float64(1.5), Timestamp('2025-02-05 15:05:00+0000', tz='UTC'), np.float64(6023.22021484375))]","$20,068,815.21","$10,034,407.61","$15,051,611.41","$28,096,426.62","$7,024,000.00","$42,539,000.00",$0.00,"$1,000.00","$70,635,426.62",bullish,0 days 00:05:00,2.43017578125
2025-02-05 15:35:00+00:00,6025.2001953125,6020.14013671875,6040.38037109375,6032.790283203125,6032.790283203125,2025-02-05 16:10:00+00:00,win,1.5,TSL,"[(-1, Timestamp('2025-02-05 15:35:00+0000', tz='UTC'), np.float64(6020.14013671875)), (np.float64(1.5), Timestamp('2025-02-05 16:10:00+0000', tz='UTC'), np.float64(6032.790283203125))]","$28,096,426.62","$14,048,213.31","$21,072,319.97","$39,335,746.59","$9,833,000.00","$52,372,000.00",$0.00,"$1,000.00","$91,707,746.59",bullish,0 days 00:35:00,7.590087890625
2025-02-05 18:30:00+00:00,6045.0,6042.39013671875,6052.82958984375,6050.8721923828125,6050.8721923828125,2025-02-05 18:45:00+00:00,win,2.25,TSL,"[(-1, Timestamp('2025-02-05 18:30:00+0000', tz='UTC'), np.float64(6042.39013671875)), (np.float64(1.5), Timestamp('2025-02-05 18:40:00+0000', tz='UTC'), np.float64(6048.914794921875)), (np.float64(2.25), Timestamp('2025-02-05 18:45:00+0000', tz='UTC'), np.float64(6050.8721923828125))]","$39,335,746.59","$19,667,873.30","$44,252,714.91","$66,871,461.51","$16,717,000.00","$69,089,000.00",$0.00,"$1,000.00","$135,960,461.51",bullish,0 days 00:15:00,5.8721923828125
2025-02-06 14:50:00+00:00,6076.0,6080.7099609375,6061.8701171875,6068.93505859375,6068.93505859375,2025-02-06 15:05:00+00:00,win,1.5,TSL,"[(-1, Timestamp('2025-02-06 14:50:00+0000', tz='UTC'), np.float64(6080.7099609375)), (np.float64(1.5), Timestamp('2025-02-06 15:05:00+0000', tz='UTC'), np.float64(6068.93505859375))]","$66,871,461.51","$33,435,730.75","$50,153,596.13","$93,620,057.63","$23,405,000.00","$92,494,000.00",$0.00,"$1,000.00","$186,114,057.63",bearish,0 days 00:15:00,7.06494140625
2025-02-06 15:10:00+00:00,6075.25,6075.58984375,6074.23046875,6074.23046875,6074.23046875,2025-02-06 15:15:00+00:00,win,3.0,TSL,"[(-1, Timestamp('2025-02-06 15:10:00+0000', tz='UTC'), np.float64(6075.58984375)), (np.float64(3.0), Timestamp('2025-02-06 15:15:00+0000', tz='UTC'), np.float64(6074.23046875))]","$93,620,057.63","$46,810,028.82","$140,430,086.45","$187,240,144.09","$46,810,000.00","$139,304,000.00",$0.00,"$1,000.00","$326,544,144.09",bearish,0 days 00:05:00,1.01953125
2025-02-06 15:20:00+00:00,6076.81982421875,6079.5400390625,6068.6591796875,6070.6993408203125,6070.6993408203125,2025-02-06 15:30:00+00:00,win,2.25,TSL,"[(-1, Timestamp('2025-02-06 15:20:00+0000', tz='UTC'), np.float64(6079.5400390625)), (np.float64(1.5), Timestamp('2025-02-06 15:25:00+0000', tz='UTC'), np.float64(6072.739501953125)), (np.float64(2.25), Timestamp('2025-02-06 15:30:00+0000', tz='UTC'), np.float64(6070.6993408203125))]","$187,240,144.09","$93,620,072.04","$210,645,162.10","$318,308,306.18","$79,577,000.00","$218,881,000.00",$0.00,"$1,000.00","$537,189,306.18",bearish,0 days 00:10:00,6.1204833984375
2025-02-06 16:50:00+00:00,6071.6298828125,6067.68994140625,6083.44970703125,,6067.68994140625,2025-02-06 17:00:00+00:00,loss,-1.0,SL,"[(-1, Timestamp('2025-02-06 16:50:00+0000', tz='UTC'), np.float64(6067.68994140625))]","$318,308,306.18","$159,154,153.09","$-159,154,153.09","$127,324,153.09","$31,830,000.00","$250,711,000.00",$0.00,"$1,000.00","$378,035,153.09",bullish,0 days 00:10:00,-3.93994140625
2025-02-06 17:05:00+00:00,6070.97998046875,6067.4501953125,6081.5693359375,6076.274658203125,6076.274658203125,2025-02-06 18:00:00+00:00,win,1.5,TSL,"[(-1, Timestamp('2025-02-06 17:05:00+0000', tz='UTC'), np.float64(6067.4501953125)), (np.float64(1.5), Timestamp('2025-02-06 18:00:00+0000', tz='UTC'), np.float64(6076.274658203125))]","$127,324,153.09","$63,662,076.55","$95,493,114.82","$178,254,267.91","$44,563,000.00","$295,274,000.00",$0.00,"$1,000.00","$473,528,267.91",bullish,0 days 00:55:00,5.294677734375
2025-02-06 18:10:00+00:00,6074.75,6079.39990234375,6060.80029296875,6053.825439453125,6053.825439453125,2025-02-06 19:35:00+00:00,win,4.5,TSL,"[(-1, Timestamp('2025-02-06 18:10:00+0000', tz='UTC'), np.float64(6079.39990234375)), (np.float64(1.5), Timestamp('2025-02-06 19:30:00+0000', tz='UTC'), np.float64(6067.775146484375)), (np.float64(4.5), Timestamp('2025-02-06 19:35:00+0000', tz='UTC'), np.float64(6053.825439453125))]","$178,254,267.91","$89,127,133.95","$401,072,102.80","$463,461,370.71","$115,865,000.00","$411,139,000.00",$0.00,"$1,000.00","$874,600,370.71",bearish,0 days 01:25:00,20.924560546875
2025-02-06 20:30:00+00:00,6066.580078125,6067.080078125,6065.080078125,,6067.080078125,2025-02-06 20:35:00+00:00,loss,-1.0,SL,"[(-1, Timestamp('2025-02-06 20:30:00+0000', tz='UTC'), np.float64(6067.080078125))]","$463,461,370.71","$231,730,685.35","$-231,730,685.35","$185,384,685.35","$46,346,000.00","$457,485,000.00",$0.00,"$1,000.00","$642,869,685.35",bearish,0 days 00:05:00,-0.5
2025-02-07 15:05:00+00:00,6067.02978515625,6065.9599609375,6070.2392578125,6075.053466796875,6075.053466796875,2025-02-07 15:10:00+00:00,win,7.5,TSL,"[(-1, Timestamp('2025-02-07 15:05:00+0000', tz='UTC'), np.float64(6065.9599609375)), (np.float64(7.5), Timestamp('2025-02-07 15:10:00+0000', tz='UTC'), np.float64(6075.053466796875))]","$185,384,685.35","$92,692,342.68","$695,192,570.08","$704,462,255.43","$176,115,000.00","$633,600,000.00",$0.00,"$1,000.00","$1,338,062,255.43",bullish,0 days 00:05:00,8.023681640625
2025-02-07 15:15:00+00:00,6061.58984375,6058.9501953125,6069.5087890625,6065.54931640625,6065.54931640625,2025-02-07 15:20:00+00:00,win,1.5,TSL,"[(-1, Timestamp('2025-02-07 15:15:00+0000', tz='UTC'), np.float64(6058.9501953125)), (np.float64(1.5), Timestamp('2025-02-07 15:20:00+0000', tz='UTC'), np.float64(6065.54931640625))]","$704,462,255.43","$352,231,127.71","$528,346,691.57","$986,247,947.00","$246,561,000.00","$880,161,000.00",$0.00,"$1,000.00","$1,866,408,947.00",bullish,0 days 00:05:00,3.95947265625
2025-02-07 15:35:00+00:00,6066.669921875,6063.10986328125,6077.35009765625,6072.010009765625,6072.010009765625,2025-02-07 15:40:00+00:00,win,1.5,TSL,"[(-1, Timestamp('2025-02-07 15:35:00+0000', tz='UTC'), np.float64(6063.10986328125)), (np.float64(1.5), Timestamp('2025-02-07 15:40:00+0000', tz='UTC'), np.float64(6072.010009765625))]","$986,247,947.00","$493,123,973.50","$739,685,960.25","$1,380,747,907.25","$345,186,000.00","$1,225,347,000.00",$0.00,"$1,000.00","$2,606,094,907.25",bullish,0 days 00:05:00,5.340087890625
2025-02-07 15:55:00+00:00,6036.56982421875,6033.2998046875,6046.3798828125,6051.284912109375,6051.284912109375,2025-02-07 16:00:00+00:00,win,4.5,TSL,"[(-1, Timestamp('2025-02-07 15:55:00+0000', tz='UTC'), np.float64(6033.2998046875)), (np.float64(4.5), Timestamp('2025-02-07 16:00:00+0000', tz='UTC'), np.float64(6051.284912109375))]","$1,380,747,907.25","$690,373,953.63","$3,106,682,791.32","$3,589,944,698.57","$897,486,000.00","$2,122,833,000.00",$0.00,"$1,000.00","$5,712,777,698.57",bullish,0 days 00:05:00,14.715087890625
2025-02-07 16:50:00+00:00,6037.56005859375,6034.33984375,6047.220703125,6042.390380859375,6042.390380859375,2025-02-07 17:00:00+00:00,win,1.5,TSL,"[(-1, Timestamp('2025-02-07 16:50:00+0000', tz='UTC'), np.float64(6034.33984375)), (np.float64(1.5), Timestamp('2025-02-07 17:00:00+0000', tz='UTC'), np.float64(6042.390380859375))]","$3,589,944,698.57","$1,794,972,349.28","$2,692,458,523.93","$5,025,923,222.50","$1,256,480,000.00","$3,379,313,000.00",$0.00,"$1,000.00","$8,405,236,222.50",bullish,0 days 00:10:00,4.830322265625
2025-02-07 17:10:00+00:00,6042.52978515625,6033.2998046875,6070.2197265625,,6033.2998046875,2025-02-07 17:15:00+00:00,loss,-1.0,SL,"[(-1, Timestamp('2025-02-07 17:10:00+0000', tz='UTC'), np.float64(6033.2998046875))]","$5,025,923,222.50","$2,512,961,611.25","$-2,512,961,611.25","$2,010,369,611.25","$502,592,000.00","$3,881,905,000.00",$0.00,"$1,000.00","$5,892,274,611.25",bullish,0 days 00:05:00,-9.22998046875
2025-02-07 17:20:00+00:00,6034.22998046875,6033.2998046875,6037.0205078125,6041.206298828125,6041.206298828125,2025-02-07 17:25:00+00:00,win,7.5,TSL,"[(-1, Timestamp('2025-02-07 17:20:00+0000', tz='UTC'), np.float64(6033.2998046875)), (np.float64(7.5), Timestamp('2025-02-07 17:25:00+0000', tz='UTC'), np.float64(6041.206298828125))]","$2,010,369,611.25","$1,005,184,805.62","$7,538,886,042.18","$7,639,404,653.43","$1,909,851,000.00","$5,791,756,000.00",$0.00,"$1,000.00","$13,431,160,653.43",bullish,0 days 00:05:00,6.976318359375
2025-02-07 18:05:00+00:00,6047.7998046875,6048.43017578125,6045.90869140625,,6048.43017578125,2025-02-07 18:10:00+00:00,loss,-1.0,SL,"[(-1, Timestamp('2025-02-07 18:05:00+0000', tz='UTC'), np.float64(6048.43017578125))]","$7,639,404,653.43","$3,819,702,326.71","$-3,819,702,326.71","$3,055,762,326.71","$763,940,000.00","$6,555,696,000.00",$0.00,"$1,000.00","$9,611,458,326.71",bearish,0 days 00:05:00,-0.63037109375
2025-02-07 20:20:00+00:00,6024.81982421875,6020.14013671875,6038.85888671875,6052.89794921875,6052.89794921875,2025-02-10 14:35:00+00:00,win,6.0,TSL,"[(-1, Timestamp('2025-02-07 20:20:00+0000', tz='UTC'), np.float64(6020.14013671875)), (np.float64(6.0), Timestamp('2025-02-10 14:35:00+0000', tz='UTC'), np.float64(6052.89794921875))]","$3,055,762,326.71","$1,527,881,163.36","$9,167,286,980.14","$9,778,440,306.85","$2,444,609,000.00","$9,000,305,000.00",$0.00,"$1,000.00","$18,778,745,306.85",bullish,2 days 18:15:00,28.078125
2025-02-10 14:45:00+00:00,6049.1298828125,6044.83984375,6062.0,6063.6087646484375,6063.6087646484375,2025-02-10 15:15:00+00:00,win,3.375,TSL,"[(-1, Timestamp('2025-02-10 14:45:00+0000', tz='UTC'), np.float64(6044.83984375)), (np.float64(1.5), Timestamp('2025-02-10 15:05:00+0000', tz='UTC'), np.float64(6055.56494140625)), (np.float64(2.25), Timestamp('2025-02-10 15:10:00+0000', tz='UTC'), np.float64(6058.782470703125)), (np.float64(3.375), Timestamp('2025-02-10 15:15:00+0000', tz='UTC'), np.float64(6063.6087646484375))]","$9,778,440,306.85","$4,889,220,153.43","$16,501,118,017.81","$21,023,647,324.66","$5,255,911,000.00","$14,256,216,000.00",$0.00,"$1,000.00","$35,279,863,324.66",bullish,0 days 00:30:00,14.4788818359375
2025-02-10 16:25:00+00:00,6063.0400390625,6059.0400390625,6075.0400390625,,6059.0400390625,2025-02-10 16:30:00+00:00,loss,-1.0,SL,"[(-1, Timestamp('2025-02-10 16:25:00+0000', tz='UTC'), np.float64(6059.0400390625))]","$21,023,647,324.66","$10,511,823,662.33","$-10,511,823,662.33","$8,409,459,662.33","$2,102,364,000.00","$16,358,580,000.00",$0.00,"$1,000.00","$24,768,039,662.33",bullish,0 days 00:05:00,-4.0
2025-02-10 16:35:00+00:00,6059.14013671875,6057.669921875,6063.55078125,6061.345458984375,6061.345458984375,2025-02-10 16:40:00+00:00,win,1.5,TSL,"[(-1, Timestamp('2025-02-10 16:35:00+0000', tz='UTC'), np.float64(6057.669921875)), (np.float64(1.5), Timestamp('2025-02-10 16:40:00+0000', tz='UTC'), np.float64(6061.345458984375))]","$8,409,459,662.33","$4,204,729,831.17","$6,307,094,746.75","$11,773,244,409.08","$2,943,310,000.00","$19,301,890,000.00",$0.00,"$1,000.00","$31,075,134,409.08",bullish,0 days 00:05:00,2.205322265625
2025-02-10 16:50:00+00:00,6059.259765625,6058.4599609375,6061.6591796875,6061.6591796875,6061.6591796875,2025-02-10 16:55:00+00:00,win,3.0,TSL,"[(-1, Timestamp('2025-02-10 16:50:00+0000', tz='UTC'), np.float64(6058.4599609375)), (np.float64(3.0), Timestamp('2025-02-10 16:55:00+0000', tz='UTC'), np.float64(6061.6591796875))]","$11,773,244,409.08","$5,886,622,204.54","$17,659,866,613.62","$23,546,489,022.70","$5,886,622,000.00","$25,188,512,000.00",$0.00,"$1,000.00","$48,735,001,022.70",bullish,0 days 00:05:00,2.3994140625
2025-02-10 17:50:00+00:00,6060.22021484375,6059.02978515625,6063.79150390625,6063.79150390625,6063.79150390625,2025-02-10 17:55:00+00:00,win,3.0,TSL,"[(-1, Timestamp('2025-02-10 17:50:00+0000', tz='UTC'), np.float64(6059.02978515625)), (np.float64(3.0), Timestamp('2025-02-10 17:55:00+0000', tz='UTC'), np.float64(6063.79150390625))]","$23,546,489,022.70","$11,773,244,511.35","$35,319,733,534.05","$47,092,978,556.75","$11,773,244,000.00","$36,961,756,000.00",$0.00,"$1,000.00","$84,054,734,556.75",bullish,0 days 00:05:00,3.5712890625
2025-02-11 14:35:00+00:00,6052.52978515625,6042.33984375,6083.099609375,6067.814697265625,6067.814697265625,2025-02-11 15:55:00+00:00,win,1.5,TSL,"[(-1, Timestamp('2025-02-11 14:35:00+0000', tz='UTC'), np.float64(6042.33984375)), (np.float64(1.5), Timestamp('2025-02-11 15:55:00+0000', tz='UTC'), np.float64(6067.814697265625))]","$47,092,978,556.75","$23,546,489,278.38","$35,319,733,917.57","$65,930,170,474.32","$16,482,542,000.00","$53,444,298,000.00",$0.00,"$1,000.00","$119,374,468,474.32",bullish,0 days 01:20:00,15.284912109375
2025-02-11 17:00:00+00:00,6060.33984375,6058.3798828125,6066.2197265625,,6058.3798828125,2025-02-11 17:05:00+00:00,loss,-1.0,SL,"[(-1, Timestamp('2025-02-11 17:00:00+0000', tz='UTC'), np.float64(6058.3798828125))]","$65,930,170,474.32","$32,965,085,237.16","$-32,965,085,237.16","$26,372,068,237.16","$6,593,017,000.00","$60,037,315,000.00",$0.00,"$1,000.00","$86,409,383,237.16",bullish,0 days 00:05:00,-1.9599609375
2025-02-11 17:10:00+00:00,6051.97998046875,6051.35009765625,6053.86962890625,6052.9248046875,6052.9248046875,2025-02-11 17:15:00+00:00,win,1.5,TSL,"[(-1, Timestamp('2025-02-11 17:10:00+0000', tz='UTC'), np.float64(6051.35009765625)), (np.float64(1.5), Timestamp('2025-02-11 17:15:00+0000', tz='UTC'), np.float64(6052.9248046875))]","$26,372,068,237.16","$13,186,034,118.58","$19,779,051,177.87","$36,920,896,415.03","$9,230,223,000.00","$69,267,538,000.00",$0.00,"$1,000.00","$106,188,434,415.03",bullish,0 days 00:05:00,0.94482421875
2025-02-11 17:45:00+00:00,6057.58984375,6056.85986328125,6059.77978515625,,6056.85986328125,2025-02-11 17:50:00+00:00,loss,-1.0,SL,"[(-1, Timestamp('2025-02-11 17:45:00+0000', tz='UTC'), np.float64(6056.85986328125))]","$36,920,896,415.03","$18,460,448,207.52","$-18,460,448,207.52","$14,768,359,207.52","$3,692,089,000.00","$72,959,627,000.00",$0.00,"$1,000.00","$87,727,986,207.52",bullish,0 days 00:05:00,-0.72998046875
2025-02-11 19:10:00+00:00,6064.5400390625,6065.759765625,6060.880859375,6062.71044921875,6062.71044921875,2025-02-11 19:15:00+00:00,win,1.5,TSL,"[(-1, Timestamp('2025-02-11 19:10:00+0000', tz='UTC'), np.float64(6065.759765625)), (np.float64(1.5), Timestamp('2025-02-11 19:15:00+0000', tz='UTC'), np.float64(6062.71044921875))]","$14,768,359,207.52","$7,384,179,603.76","$11,076,269,405.64","$20,675,703,613.15","$5,168,925,000.00","$78,128,552,000.00",$0.00,"$1,000.00","$98,804,255,613.15",bearish,0 days 00:05:00,1.82958984375
2025-02-11 19:30:00+00:00,6065.169921875,6065.759765625,6063.400390625,,6065.759765625,2025-02-11 19:35:00+00:00,loss,-1.0,SL,"[(-1, Timestamp('2025-02-11 19:30:00+0000', tz='UTC'), np.float64(6065.759765625))]","$20,675,703,613.15","$10,337,851,806.58","$-10,337,851,806.58","$8,270,281,806.58","$2,067,570,000.00","$80,196,122,000.00",$0.00,"$1,000.00","$88,466,403,806.58",bearish,0 days 00:05:00,-0.58984375
2025-02-12 15:25:00+00:00,6038.0,6040.60009765625,6030.19970703125,6034.099853515625,6034.099853515625,2025-02-12 15:30:00+00:00,win,1.5,TSL,"[(-1, Timestamp('2025-02-12 15:25:00+0000', tz='UTC'), np.float64(6040.60009765625)), (np.float64(1.5), Timestamp('2025-02-12 15:30:00+0000', tz='UTC'), np.float64(6034.099853515625))]","$8,270,281,806.58","$4,135,140,903.29","$6,202,711,354.93","$11,578,395,161.51","$2,894,598,000.00","$83,090,720,000.00",$0.00,"$1,000.00","$94,669,115,161.51",bearish,0 days 00:05:00,3.900146484375
2025-02-12 15:40:00+00:00,6045.93017578125,6049.14990234375,6036.27099609375,6041.1005859375,6041.1005859375,2025-02-12 15:45:00+00:00,win,1.5,TSL,"[(-1, Timestamp('2025-02-12 15:40:00+0000', tz='UTC'), np.float64(6049.14990234375)), (np.float64(1.5), Timestamp('2025-02-12 15:45:00+0000', tz='UTC'), np.float64(6041.1005859375))]","$11,578,395,161.51","$5,789,197,580.75","$8,683,796,371.13","$16,209,753,532.64","$4,052,438,000.00","$87,143,158,000.00",$0.00,"$1,000.00","$103,352,911,532.64",bearish,0 days 00:05:00,4.82958984375
2025-02-12 19:00:00+00:00,6049.47021484375,6052.3798828125,6040.7412109375,6045.105712890625,6045.105712890625,2025-02-12 19:10:00+00:00,win,1.5,TSL,"[(-1, Timestamp('2025-02-12 19:00:00+0000', tz='UTC'), np.float64(6052.3798828125)), (np.float64(1.5), Timestamp('2025-02-12 19:10:00+0000', tz='UTC'), np.float64(6045.105712890625))]","$16,209,753,532.64","$8,104,876,766.32","$12,157,315,149.48","$22,693,655,682.12","$5,673,413,000.00","$92,816,571,000.00",$0.00,"$1,000.00","$115,510,226,682.12",bearish,0 days 00:10:00,4.364501953125
2025-02-12 19:25:00+00:00,6048.0400390625,6049.18017578125,6044.61962890625,6046.329833984375,6046.329833984375,2025-02-12 19:30:00+00:00,win,1.5,TSL,"[(-1, Timestamp('2025-02-12 19:25:00+0000', tz='UTC'), np.float64(6049.18017578125)), (np.float64(1.5), Timestamp('2025-02-12 19:30:00+0000', tz='UTC'), np.float64(6046.329833984375))]","$22,693,655,682.12","$11,346,827,841.06","$17,020,241,761.59","$31,771,118,443.70","$7,942,779,000.00","$100,759,350,000.00",$0.00,"$1,000.00","$132,530,468,443.70",bearish,0 days 00:05:00,1.710205078125
2025-02-12 19:50:00+00:00,6059.08984375,6059.31005859375,6058.42919921875,6055.78662109375,6055.78662109375,2025-02-12 19:55:00+00:00,win,15.0,TSL,"[(-1, Timestamp('2025-02-12 19:50:00+0000', tz='UTC'), np.float64(6059.31005859375)), (np.float64(15.0), Timestamp('2025-02-12 19:55:00+0000', tz='UTC'), np.float64(6055.78662109375))]","$31,771,118,443.70","$15,885,559,221.85","$238,283,388,327.79","$216,043,605,771.49","$54,010,901,000.00","$154,770,251,000.00",$0.00,"$1,000.00","$370,813,856,771.49",bearish,0 days 00:05:00,3.30322265625
2025-02-12 20:55:00+00:00,6047.58984375,6049.669921875,6041.349609375,,6049.669921875,2025-02-13 14:30:00+00:00,loss,-1.0,SL,"[(-1, Timestamp('2025-02-12 20:55:00+0000', tz='UTC'), np.float64(6049.669921875))]","$216,043,605,771.49","$108,021,802,885.74","$-108,021,802,885.74","$86,417,442,885.74","$21,604,360,000.00","$176,374,611,000.00",$0.00,"$1,000.00","$262,792,053,885.74",bearish,0 days 17:35:00,-2.080078125
2025-02-13 15:50:00+00:00,6089.5,6093.18994140625,6078.43017578125,,6093.18994140625,2025-02-13 16:10:00+00:00,loss,-1.0,SL,"[(-1, Timestamp('2025-02-13 15:50:00+0000', tz='UTC'), np.float64(6093.18994140625))]","$86,417,442,885.74","$43,208,721,442.87","$-43,208,721,442.87","$34,566,977,442.87","$8,641,744,000.00","$185,016,355,000.00",$0.00,"$1,000.00","$219,583,332,442.87",bearish,0 days 00:20:00,-3.68994140625
2025-02-13 16:55:00+00:00,6081.27001953125,6086.43017578125,6065.78955078125,,6086.43017578125,2025-02-13 17:45:00+00:00,loss,-1.0,SL,"[(-1, Timestamp('2025-02-13 16:55:00+0000', tz='UTC'), np.float64(6086.43017578125))]","$34,566,977,442.87","$17,283,488,721.44","$-17,283,488,721.44","$13,826,791,721.44","$3,456,697,000.00","$188,473,052,000.00",$0.00,"$1,000.00","$202,299,843,721.44",bearish,0 days 00:50:00,-5.16015625
2025-02-13 17:55:00+00:00,6083.419921875,6087.080078125,6072.439453125,6077.9296875,6077.9296875,2025-02-13 18:00:00+00:00,win,1.5,TSL,"[(-1, Timestamp('2025-02-13 17:55:00+0000', tz='UTC'), np.float64(6087.080078125)), (np.float64(1.5), Timestamp('2025-02-13 18:00:00+0000', tz='UTC'), np.float64(6077.9296875))]","$13,826,791,721.44","$6,913,395,860.72","$10,370,093,791.08","$19,357,508,512.51","$4,839,377,000.00","$193,312,429,000.00",$0.00,"$1,000.00","$212,669,937,512.51",bearish,0 days 00:05:00,5.490234375
2025-02-13 18:10:00+00:00,6078.259765625,6076.43017578125,6083.74853515625,,6076.43017578125,2025-02-13 18:15:00+00:00,loss,-1.0,SL,"[(-1, Timestamp('2025-02-13 18:10:00+0000', tz='UTC'), np.float64(6076.43017578125))]","$19,357,508,512.51","$9,678,754,256.26","$-9,678,754,256.26","$7,743,004,256.26","$1,935,750,000.00","$195,248,179,000.00",$0.00,"$1,000.00","$202,991,183,256.26",bullish,0 days 00:05:00,-1.82958984375
2025-02-13 18:20:00+00:00,6071.0,6070.77978515625,6071.66064453125,6078.26708984375,6078.26708984375,2025-02-13 18:25:00+00:00,win,33.0,TSL,"[(-1, Timestamp('2025-02-13 18:20:00+0000', tz='UTC'), np.float64(6070.77978515625)), (np.float64(33.0), Timestamp('2025-02-13 18:25:00+0000', tz='UTC'), np.float64(6078.26708984375))]","$7,743,004,256.26","$3,871,502,128.13","$127,759,570,228.24","$108,402,060,484.49","$27,100,514,000.00","$222,348,693,000.00",$0.00,"$1,000.00","$330,750,753,484.49",bullish,0 days 00:05:00,7.26708984375
2025-02-13 18:30:00+00:00,6079.56005859375,6081.22021484375,6074.57958984375,,6081.22021484375,2025-02-13 18:35:00+00:00,loss,-1.0,SL,"[(-1, Timestamp('2025-02-13 18:30:00+0000', tz='UTC'), np.float64(6081.22021484375))]","$108,402,060,484.49","$54,201,030,242.25","$-54,201,030,242.25","$43,360,824,242.25","$10,840,206,000.00","$233,188,899,000.00",$0.00,"$1,000.00","$276,549,723,242.25",bearish,0 days 00:05:00,-1.66015625
2025-02-14 14:40:00+00:00,6119.81005859375,6114.81005859375,6134.81005859375,6127.31005859375,6127.31005859375,2025-02-14 15:15:00+00:00,win,1.5,TSL,"[(-1, Timestamp('2025-02-14 14:40:00+0000', tz='UTC'), np.float64(6114.81005859375)), (np.float64(1.5), Timestamp('2025-02-14 15:15:00+0000', tz='UTC'), np.float64(6127.31005859375))]","$43,360,824,242.25","$21,680,412,121.12","$32,520,618,181.68","$60,705,154,423.93","$15,176,288,000.00","$248,365,187,000.00",$0.00,"$1,000.00","$309,070,341,423.93",bullish,0 days 00:35:00,7.5
2025-02-14 15:45:00+00:00,6117.66015625,6114.5,6127.140625,6122.400390625,6122.400390625,2025-02-14 15:55:00+00:00,win,1.5,TSL,"[(-1, Timestamp('2025-02-14 15:45:00+0000', tz='UTC'), np.float64(6114.5)), (np.float64(1.5), Timestamp('2025-02-14 15:55:00+0000', tz='UTC'), np.float64(6122.400390625))]","$60,705,154,423.93","$30,352,577,211.97","$45,528,865,817.95","$84,987,216,241.88","$21,246,804,000.00","$269,611,991,000.00",$0.00,"$1,000.00","$354,599,207,241.88",bullish,0 days 00:10:00,4.740234375
2025-02-14 16:30:00+00:00,6117.080078125,6114.5,6124.8203125,,6114.5,2025-02-14 16:35:00+00:00,loss,-1.0,SL,"[(-1, Timestamp('2025-02-14 16:30:00+0000', tz='UTC'), np.float64(6114.5))]","$84,987,216,241.88","$42,493,608,120.94","$-42,493,608,120.94","$33,994,887,120.94","$8,498,721,000.00","$278,110,712,000.00",$0.00,"$1,000.00","$312,105,599,120.94",bullish,0 days 00:05:00,-2.580078125
2025-02-18 19:15:00+00:00,6103.93994140625,6101.509765625,6111.23046875,,6101.509765625,2025-02-18 19:20:00+00:00,loss,-1.0,SL,"[(-1, Timestamp('2025-02-18 19:15:00+0000', tz='UTC'), np.float64(6101.509765625))]","$33,994,887,120.94","$16,997,443,560.47","$-16,997,443,560.47","$13,597,955,560.47","$3,399,488,000.00","$281,510,200,000.00",$0.00,"$1,000.00","$295,108,155,560.47",bullish,0 days 00:05:00,-2.43017578125
2025-02-18 19:25:00+00:00,6109.91015625,6101.509765625,6135.111328125,6122.5107421875,6122.5107421875,2025-02-19 14:30:00+00:00,win,1.5,TSL,"[(-1, Timestamp('2025-02-18 19:25:00+0000', tz='UTC'), np.float64(6101.509765625)), (np.float64(1.5), Timestamp('2025-02-19 14:30:00+0000', tz='UTC'), np.float64(6122.5107421875))]","$13,597,955,560.47","$6,798,977,780.23","$10,198,466,670.35","$19,037,138,230.82","$4,759,284,000.00","$286,269,484,000.00",$0.00,"$1,000.00","$305,306,622,230.82",bullish,0 days 19:05:00,12.6005859375
2025-02-19 17:30:00+00:00,6126.1201171875,6125.5,6127.98046875,,6125.5,2025-02-19 17:35:00+00:00,loss,-1.0,SL,"[(-1, Timestamp('2025-02-19 17:30:00+0000', tz='UTC'), np.float64(6125.5))]","$19,037,138,230.82","$9,518,569,115.41","$-9,518,569,115.41","$7,614,856,115.41","$1,903,713,000.00","$288,173,197,000.00",$0.00,"$1,000.00","$295,788,053,115.41",bullish,0 days 00:05:00,-0.6201171875
2025-02-19 17:40:00+00:00,6127.41015625,6124.22998046875,6136.95068359375,6132.180419921875,6132.180419921875,2025-02-19 17:55:00+00:00,win,1.5,TSL,"[(-1, Timestamp('2025-02-19 17:40:00+0000', tz='UTC'), np.float64(6124.22998046875)), (np.float64(1.5), Timestamp('2025-02-19 17:55:00+0000', tz='UTC'), np.float64(6132.180419921875))]","$7,614,856,115.41","$3,807,428,057.71","$5,711,142,086.56","$10,660,799,201.97","$2,665,199,000.00","$290,838,396,000.00",$0.00,"$1,000.00","$301,499,195,201.97",bullish,0 days 00:15:00,4.770263671875
2025-02-19 18:20:00+00:00,6131.16015625,6123.97021484375,6152.72998046875,6141.945068359375,6141.945068359375,2025-02-19 19:25:00+00:00,win,1.5,TSL,"[(-1, Timestamp('2025-02-19 18:20:00+0000', tz='UTC'), np.float64(6123.97021484375)), (np.float64(1.5), Timestamp('2025-02-19 19:20:00+0000', tz='UTC'), np.float64(6141.945068359375))]","$10,660,799,201.97","$5,330,399,600.98","$7,995,599,401.48","$14,925,119,603.45","$3,731,279,000.00","$294,569,675,000.00",$0.00,"$1,000.00","$309,494,794,603.45",bullish,0 days 01:05:00,10.784912109375
2025-02-20 14:35:00+00:00,6126.2001953125,6125.2900390625,6128.9306640625,6128.9306640625,6128.9306640625,2025-02-20 14:40:00+00:00,win,3.0,TSL,"[(-1, Timestamp('2025-02-20 14:35:00+0000', tz='UTC'), np.float64(6125.2900390625)), (np.float64(3.0), Timestamp('2025-02-20 14:40:00+0000', tz='UTC'), np.float64(6128.9306640625))]","$14,925,119,603.45","$7,462,559,801.72","$22,387,679,405.17","$29,850,240,008.61","$7,462,559,000.00","$302,032,234,000.00",$0.00,"$1,000.00","$331,882,474,008.61",bullish,0 days 00:05:00,2.73046875
2025-02-20 15:05:00+00:00,6097.740234375,6087.080078125,6129.720703125,,6087.080078125,2025-02-20 15:55:00+00:00,loss,-1.0,SL,"[(-1, Timestamp('2025-02-20 15:05:00+0000', tz='UTC'), np.float64(6087.080078125))]","$29,850,240,008.61","$14,925,120,004.31","$-14,925,120,004.31","$11,940,096,004.31","$2,985,024,000.00","$305,017,258,000.00",$0.00,"$1,000.00","$316,957,354,004.31",bullish,0 days 00:50:00,-10.66015625
2025-02-20 16:40:00+00:00,6090.89990234375,6087.080078125,6102.359375,6103.791809082031,6103.791809082031,2025-02-20 17:30:00+00:00,win,3.375,TSL,"[(-1, Timestamp('2025-02-20 16:40:00+0000', tz='UTC'), np.float64(6087.080078125)), (np.float64(1.5), Timestamp('2025-02-20 17:10:00+0000', tz='UTC'), np.float64(6096.629638671875)), (np.float64(2.25), Timestamp('2025-02-20 17:15:00+0000', tz='UTC'), np.float64(6099.4945068359375)), (np.float64(3.375), Timestamp('2025-02-20 17:30:00+0000', tz='UTC'), np.float64(6103.791809082031))]","$11,940,096,004.31","$5,970,048,002.15","$20,148,912,007.27","$25,671,207,011.58","$6,417,801,000.00","$311,435,059,000.00",$0.00,"$1,000.00","$337,106,266,011.58",bullish,0 days 00:50:00,12.89190673828125
2025-02-20 17:55:00+00:00,6099.47998046875,6098.830078125,6101.4296875,,6098.830078125,2025-02-20 18:00:00+00:00,loss,-1.0,SL,"[(-1, Timestamp('2025-02-20 17:55:00+0000', tz='UTC'), np.float64(6098.830078125))]","$25,671,207,011.58","$12,835,603,505.79","$-12,835,603,505.79","$10,268,483,505.79","$2,567,120,000.00","$314,002,179,000.00",$0.00,"$1,000.00","$324,270,662,505.79",bullish,0 days 00:05:00,-0.64990234375
2025-02-20 20:40:00+00:00,6110.740234375,6109.58984375,6114.19140625,6112.4658203125,6112.4658203125,2025-02-20 20:45:00+00:00,win,1.5,TSL,"[(-1, Timestamp('2025-02-20 20:40:00+0000', tz='UTC'), np.float64(6109.58984375)), (np.float64(1.5), Timestamp('2025-02-20 20:45:00+0000', tz='UTC'), np.float64(6112.4658203125))]","$10,268,483,505.79","$5,134,241,752.89","$7,701,362,629.34","$14,375,877,135.13","$3,593,969,000.00","$317,596,148,000.00",$0.00,"$1,000.00","$331,972,025,135.13",bullish,0 days 00:05:00,1.7255859375
2025-02-20 20:50:00+00:00,6117.25,6117.97021484375,6115.08935546875,6115.08935546875,6115.08935546875,2025-02-20 20:55:00+00:00,win,3.0,TSL,"[(-1, Timestamp('2025-02-20 20:50:00+0000', tz='UTC'), np.float64(6117.97021484375)), (np.float64(3.0), Timestamp('2025-02-20 20:55:00+0000', tz='UTC'), np.float64(6115.08935546875))]","$14,375,877,135.13","$7,187,938,567.56","$21,563,815,702.69","$28,751,754,837.82","$7,187,938,000.00","$324,784,086,000.00",$0.00,"$1,000.00","$353,535,840,837.82",bearish,0 days 00:05:00,2.16064453125
2025-02-21 14:35:00+00:00,6110.43017578125,6109.52978515625,6113.13134765625,6114.48193359375,6114.48193359375,2025-02-21 14:40:00+00:00,win,4.5,TSL,"[(-1, Timestamp('2025-02-21 14:35:00+0000', tz='UTC'), np.float64(6109.52978515625)), (np.float64(4.5), Timestamp('2025-02-21 14:40:00+0000', tz='UTC'), np.float64(6114.48193359375))]","$28,751,754,837.82","$14,375,877,418.91","$64,691,448,385.10","$74,754,563,222.92","$18,688,640,000.00","$343,472,726,000.00",$0.00,"$1,000.00","$418,227,289,222.92",bullish,0 days 00:05:00,4.0517578125
2025-02-21 16:25:00+00:00,6087.83984375,6089.1298828125,6083.9697265625,6082.03466796875,6082.03466796875,2025-02-21 16:30:00+00:00,win,4.5,TSL,"[(-1, Timestamp('2025-02-21 16:25:00+0000', tz='UTC'), np.float64(6089.1298828125)), (np.float64(4.5), Timestamp('2025-02-21 16:30:00+0000', tz='UTC'), np.float64(6082.03466796875))]","$74,754,563,222.92","$37,377,281,611.46","$168,197,767,251.57","$194,361,864,474.50","$48,590,466,000.00","$392,063,192,000.00",$0.00,"$1,000.00","$586,425,056,474.50",bearish,0 days 00:05:00,5.80517578125
2025-02-21 17:20:00+00:00,6071.27978515625,6070.77978515625,6072.77978515625,,6070.77978515625,2025-02-21 17:25:00+00:00,loss,-1.0,SL,"[(-1, Timestamp('2025-02-21 17:20:00+0000', tz='UTC'), np.float64(6070.77978515625))]","$194,361,864,474.50","$97,180,932,237.25","$-97,180,932,237.25","$77,744,746,237.25","$19,436,186,000.00","$411,499,378,000.00",$0.00,"$1,000.00","$489,244,124,237.25",bullish,0 days 00:05:00,-0.5
2025-02-21 17:35:00+00:00,6067.16015625,6066.72998046875,6068.45068359375,6069.095947265625,6069.095947265625,2025-02-21 17:40:00+00:00,win,4.5,TSL,"[(-1, Timestamp('2025-02-21 17:35:00+0000', tz='UTC'), np.float64(6066.72998046875)), (np.float64(4.5), Timestamp('2025-02-21 17:40:00+0000', tz='UTC'), np.float64(6069.095947265625))]","$77,744,746,237.25","$38,872,373,118.62","$174,925,679,033.81","$202,136,340,271.06","$50,534,085,000.00","$462,033,463,000.00",$0.00,"$1,000.00","$664,169,803,271.06",bullish,0 days 00:05:00,1.935791015625
2025-02-21 20:35:00+00:00,6019.97998046875,6021.41015625,6015.689453125,6017.834716796875,6017.834716796875,2025-02-21 20:40:00+00:00,win,1.5,TSL,"[(-1, Timestamp('2025-02-21 20:35:00+0000', tz='UTC'), np.float64(6021.41015625)), (np.float64(1.5), Timestamp('2025-02-21 20:40:00+0000', tz='UTC'), np.float64(6017.834716796875))]","$202,136,340,271.06","$101,068,170,135.53","$151,602,255,203.29","$282,990,876,474.35","$70,747,719,000.00","$532,781,182,000.00",$0.00,"$1,000.00","$815,772,058,474.35",bearish,0 days 00:05:00,2.145263671875
2025-02-25 14:35:00+00:00,5988.080078125,5976.0400390625,6024.2001953125,,5976.0400390625,2025-02-25 14:45:00+00:00,loss,-1.0,SL,"[(-1, Timestamp('2025-02-25 14:35:00+0000', tz='UTC'), np.float64(5976.0400390625))]","$282,990,876,474.35","$141,495,438,237.17","$-141,495,438,237.17","$113,196,351,237.17","$28,299,087,000.00","$561,080,269,000.00",$0.00,"$1,000.00","$674,276,620,237.17",bullish,0 days 00:10:00,-12.0400390625
2025-02-25 15:25:00+00:00,5925.2099609375,5922.740234375,5932.619140625,5928.91455078125,5928.91455078125,2025-02-25 15:30:00+00:00,win,1.5,TSL,"[(-1, Timestamp('2025-02-25 15:25:00+0000', tz='UTC'), np.float64(5922.740234375)), (np.float64(1.5), Timestamp('2025-02-25 15:30:00+0000', tz='UTC'), np.float64(5928.91455078125))]","$113,196,351,237.17","$56,598,175,618.59","$84,897,263,427.88","$158,474,892,665.05","$39,618,722,000.00","$600,698,991,000.00",$0.00,"$1,000.00","$759,173,883,665.05",bullish,0 days 00:05:00,3.70458984375
2025-02-25 16:10:00+00:00,5929.9599609375,5924.85009765625,5945.28955078125,,5924.85009765625,2025-02-25 16:25:00+00:00,loss,-1.0,SL,"[(-1, Timestamp('2025-02-25 16:10:00+0000', tz='UTC'), np.float64(5924.85009765625))]","$158,474,892,665.05","$79,237,446,332.53","$-79,237,446,332.53","$63,389,957,332.53","$15,847,489,000.00","$616,546,480,000.00",$0.00,"$1,000.00","$679,936,437,332.53",bullish,0 days 00:15:00,-5.10986328125
2025-02-25 16:35:00+00:00,5919.56005859375,5908.490234375,5952.76953125,5936.164794921875,5936.164794921875,2025-02-25 16:55:00+00:00,win,1.5,TSL,"[(-1, Timestamp('2025-02-25 16:35:00+0000', tz='UTC'), np.float64(5908.490234375)), (np.float64(1.5), Timestamp('2025-02-25 16:55:00+0000', tz='UTC'), np.float64(5936.164794921875))]","$63,389,957,332.53","$31,694,978,666.26","$47,542,467,999.40","$88,745,940,331.92","$22,186,485,000.00","$638,732,965,000.00",$0.00,"$1,000.00","$727,478,905,331.92",bullish,0 days 00:20:00,16.604736328125
2025-02-25 17:40:00+00:00,5953.56005859375,5955.72021484375,5947.07958984375,,5955.72021484375,2025-02-25 17:50:00+00:00,loss,-1.0,SL,"[(-1, Timestamp('2025-02-25 17:40:00+0000', tz='UTC'), np.float64(5955.72021484375))]","$88,745,940,331.92","$44,372,970,165.96","$-44,372,970,165.96","$35,498,376,165.96","$8,874,594,000.00","$647,607,559,000.00",$0.00,"$1,000.00","$683,105,935,165.96",bearish,0 days 00:10:00,-2.16015625
2025-02-25 18:10:00+00:00,5970.72021484375,5974.6298828125,5958.9912109375,5964.855712890625,5964.855712890625,2025-02-25 18:15:00+00:00,win,1.5,TSL,"[(-1, Timestamp('2025-02-25 18:10:00+0000', tz='UTC'), np.float64(5974.6298828125)), (np.float64(1.5), Timestamp('2025-02-25 18:15:00+0000', tz='UTC'), np.float64(5964.855712890625))]","$35,498,376,165.96","$17,749,188,082.98","$26,623,782,124.47","$49,697,727,290.43","$12,424,431,000.00","$660,031,990,000.00",$0.00,"$1,000.00","$709,729,717,290.43",bearish,0 days 00:05:00,5.864501953125
2025-02-25 20:55:00+00:00,5950.6298828125,5961.41015625,5918.2890625,,5961.41015625,2025-02-26 14:30:00+00:00,loss,-1.0,SL,"[(-1, Timestamp('2025-02-25 20:55:00+0000', tz='UTC'), np.float64(5961.41015625))]","$49,697,727,290.43","$24,848,863,645.22","$-24,848,863,645.22","$19,879,091,645.22","$4,969,772,000.00","$665,001,762,000.00",$0.00,"$1,000.00","$684,880,853,645.22",bearish,0 days 17:35:00,-10.7802734375
2025-02-26 15:05:00+00:00,5992.4501953125,5994.4501953125,5986.4501953125,5989.4501953125,5989.4501953125,2025-02-26 15:10:00+00:00,win,1.5,TSL,"[(-1, Timestamp('2025-02-26 15:05:00+0000', tz='UTC'), np.float64(5994.4501953125)), (np.float64(1.5), Timestamp('2025-02-26 15:10:00+0000', tz='UTC'), np.float64(5989.4501953125))]","$19,879,091,645.22","$9,939,545,822.61","$14,909,318,733.91","$27,830,728,379.13","$6,957,682,000.00","$671,959,444,000.00",$0.00,"$1,000.00","$699,790,172,379.13",bearish,0 days 00:05:00,3.0
2025-02-26 19:45:00+00:00,5955.419921875,5959.1201171875,5944.3193359375,5944.3193359375,5944.3193359375,2025-02-26 20:00:00+00:00,win,3.0,TSL,"[(-1, Timestamp('2025-02-26 19:45:00+0000', tz='UTC'), np.float64(5959.1201171875)), (np.float64(3.0), Timestamp('2025-02-26 20:00:00+0000', tz='UTC'), np.float64(5944.3193359375))]","$27,830,728,379.13","$13,915,364,189.56","$41,746,092,568.69","$55,661,456,947.82","$13,915,364,000.00","$685,874,808,000.00",$0.00,"$1,000.00","$741,536,264,947.82",bearish,0 days 00:15:00,11.1005859375
2025-02-27 14:40:00+00:00,5984.41015625,5993.68994140625,5956.57080078125,5970.490478515625,5970.490478515625,2025-02-27 14:45:00+00:00,win,1.5,TSL,"[(-1, Timestamp('2025-02-27 14:40:00+0000', tz='UTC'), np.float64(5993.68994140625)), (np.float64(1.5), Timestamp('2025-02-27 14:45:00+0000', tz='UTC'), np.float64(5970.490478515625))]","$55,661,456,947.82","$27,830,728,473.91","$41,746,092,710.87","$77,926,040,658.69","$19,481,509,000.00","$705,356,317,000.00",$0.00,"$1,000.00","$783,282,357,658.69",bearish,0 days 00:05:00,13.919677734375
2025-02-27 15:05:00+00:00,5931.52001953125,5925.10009765625,5950.77978515625,5960.40966796875,5960.40966796875,2025-02-27 15:30:00+00:00,win,4.5,TSL,"[(-1, Timestamp('2025-02-27 15:05:00+0000', tz='UTC'), np.float64(5925.10009765625)), (np.float64(3.0), Timestamp('2025-02-27 15:15:00+0000', tz='UTC'), np.float64(5950.77978515625)), (np.float64(4.5), Timestamp('2025-02-27 15:25:00+0000', tz='UTC'), np.float64(5960.40966796875))]","$77,926,040,658.69","$38,963,020,329.34","$175,333,591,482.05","$202,607,706,140.73","$50,651,926,000.00","$756,008,243,000.00",$0.00,"$1,000.00","$958,615,949,140.73",bullish,0 days 00:25:00,28.8896484375
2025-02-27 17:25:00+00:00,5939.330078125,5927.81005859375,5973.89013671875,5956.610107421875,5956.610107421875,2025-02-27 17:35:00+00:00,win,1.5,TSL,"[(-1, Timestamp('2025-02-27 17:25:00+0000', tz='UTC'), np.float64(5927.81005859375)), (np.float64(1.5), Timestamp('2025-02-27 17:35:00+0000', tz='UTC'), np.float64(5956.610107421875))]","$202,607,706,140.73","$101,303,853,070.37","$151,955,779,605.55","$283,650,788,746.28","$70,912,697,000.00","$826,920,940,000.00",$0.00,"$1,000.00","$1,110,571,728,746.28",bullish,0 days 00:10:00,17.280029296875
2025-02-27 18:15:00+00:00,5959.89990234375,5961.9599609375,5953.7197265625,5956.809814453125,5956.809814453125,2025-02-27 18:20:00+00:00,win,1.5,TSL,"[(-1, Timestamp('2025-02-27 18:15:00+0000', tz='UTC'), np.float64(5961.9599609375)), (np.float64(1.5), Timestamp('2025-02-27 18:20:00+0000', tz='UTC'), np.float64(5956.809814453125))]","$283,650,788,746.28","$141,825,394,373.14","$212,738,091,559.71","$397,111,104,306.00","$99,277,776,000.00","$926,198,716,000.00",$0.00,"$1,000.00","$1,323,309,820,306.00",bearish,0 days 00:05:00,3.090087890625
2025-02-27 18:30:00+00:00,5959.25,5964.89013671875,5942.32958984375,5950.789794921875,5950.789794921875,2025-02-27 19:00:00+00:00,win,1.5,TSL,"[(-1, Timestamp('2025-02-27 18:30:00+0000', tz='UTC'), np.float64(5964.89013671875)), (np.float64(1.5), Timestamp('2025-02-27 19:00:00+0000', tz='UTC'), np.float64(5950.789794921875))]","$397,111,104,306.00","$198,555,552,153.00","$297,833,328,229.50","$555,955,546,535.49","$138,988,886,000.00","$1,065,187,602,000.00",$0.00,"$1,000.00","$1,621,143,148,535.49",bearish,0 days 00:30:00,8.460205078125
2025-02-27 19:25:00+00:00,5930.509765625,5929.1201171875,5934.6787109375,,5929.1201171875,2025-02-27 19:30:00+00:00,loss,-1.0,SL,"[(-1, Timestamp('2025-02-27 19:25:00+0000', tz='UTC'), np.float64(5929.1201171875))]","$555,955,546,535.49","$277,977,773,267.75","$-277,977,773,267.75","$222,382,219,267.75","$55,595,554,000.00","$1,120,783,156,000.00",$0.00,"$1,000.00","$1,343,165,375,267.75",bullish,0 days 00:05:00,-1.3896484375
2025-02-27 19:35:00+00:00,5906.31982421875,5901.7001953125,5920.1787109375,,5901.7001953125,2025-02-27 19:40:00+00:00,loss,-1.0,SL,"[(-1, Timestamp('2025-02-27 19:35:00+0000', tz='UTC'), np.float64(5901.7001953125))]","$222,382,219,267.75","$111,191,109,633.87","$-111,191,109,633.87","$88,952,888,633.87","$22,238,221,000.00","$1,143,021,377,000.00",$0.00,"$1,000.00","$1,231,974,265,633.87",bullish,0 days 00:05:00,-4.61962890625
2025-02-28 15:40:00+00:00,5890.27001953125,5888.7099609375,5894.9501953125,,5888.7099609375,2025-02-28 15:45:00+00:00,loss,-1.0,SL,"[(-1, Timestamp('2025-02-28 15:40:00+0000', tz='UTC'), np.float64(5888.7099609375))]","$88,952,888,633.87","$44,476,444,316.94","$-44,476,444,316.94","$35,581,156,316.94","$8,895,288,000.00","$1,151,916,665,000.00",$0.00,"$1,000.00","$1,187,497,821,316.94",bullish,0 days 00:05:00,-1.56005859375
2025-02-28 15:50:00+00:00,5888.27001953125,5895.1298828125,5867.6904296875,,5895.1298828125,2025-02-28 15:55:00+00:00,loss,-1.0,SL,"[(-1, Timestamp('2025-02-28 15:50:00+0000', tz='UTC'), np.float64(5895.1298828125))]","$35,581,156,316.94","$17,790,578,158.47","$-17,790,578,158.47","$14,232,463,158.47","$3,558,115,000.00","$1,155,474,780,000.00",$0.00,"$1,000.00","$1,169,707,243,158.47",bearish,0 days 00:05:00,-6.85986328125
2025-02-28 16:40:00+00:00,5888.31005859375,5890.990234375,5880.26953125,,5890.990234375,2025-02-28 16:45:00+00:00,loss,-1.0,SL,"[(-1, Timestamp('2025-02-28 16:40:00+0000', tz='UTC'), np.float64(5890.990234375))]","$14,232,463,158.47","$7,116,231,579.23","$-7,116,231,579.23","$5,692,985,579.23","$1,423,246,000.00","$1,156,898,026,000.00",$0.00,"$1,000.00","$1,162,591,011,579.23",bearish,0 days 00:05:00,-2.68017578125
2025-02-28 16:55:00+00:00,5892.7001953125,5895.31982421875,5884.84130859375,5884.84130859375,5884.84130859375,2025-02-28 17:00:00+00:00,win,3.0,TSL,"[(-1, Timestamp('2025-02-28 16:55:00+0000', tz='UTC'), np.float64(5895.31982421875)), (np.float64(3.0), Timestamp('2025-02-28 17:00:00+0000', tz='UTC'), np.float64(5884.84130859375))]","$5,692,985,579.23","$2,846,492,789.62","$8,539,478,368.85","$11,385,971,948.09","$2,846,492,000.00","$1,159,744,518,000.00",$0.00,"$1,000.00","$1,171,130,489,948.09",bearish,0 days 00:05:00,7.85888671875
2025-02-28 17:25:00+00:00,5882.0498046875,5895.31005859375,5842.26904296875,5862.159423828125,5862.159423828125,2025-02-28 17:50:00+00:00,win,1.5,TSL,"[(-1, Timestamp('2025-02-28 17:25:00+0000', tz='UTC'), np.float64(5895.31005859375)), (np.float64(1.5), Timestamp('2025-02-28 17:50:00+0000', tz='UTC'), np.float64(5862.159423828125))]","$11,385,971,948.09","$5,692,985,974.04","$8,539,478,961.06","$15,940,360,909.15","$3,985,090,000.00","$1,163,729,608,000.00",$0.00,"$1,000.00","$1,179,669,968,909.15",bearish,0 days 00:25:00,19.890380859375
2025-02-28 19:55:00+00:00,5889.56005859375,5894.08984375,5875.970703125,,5894.08984375,2025-02-28 20:00:00+00:00,loss,-1.0,SL,"[(-1, Timestamp('2025-02-28 19:55:00+0000', tz='UTC'), np.float64(5894.08984375))]","$15,940,360,909.15","$7,970,180,454.57","$-7,970,180,454.57","$6,376,144,454.57","$1,594,036,000.00","$1,165,323,644,000.00",$0.00,"$1,000.00","$1,171,699,788,454.57",bearish,0 days 00:05:00,-4.52978515625
2025-02-28 20:40:00+00:00,5902.72998046875,5893.85986328125,5929.34033203125,5970.087432861328,5970.087432861328,2025-03-03 14:40:00+00:00,win,7.59375,TSL,"[(-1, Timestamp('2025-02-28 20:40:00+0000', tz='UTC'), np.float64(5893.85986328125)), (np.float64(1.5), Timestamp('2025-02-28 20:50:00+0000', tz='UTC'), np.float64(5916.03515625)), (np.float64(2.25), Timestamp('2025-02-28 20:55:00+0000', tz='UTC'), np.float64(5922.687744140625)), (np.float64(3.375), Timestamp('2025-03-03 14:30:00+0000', tz='UTC'), np.float64(5932.6666259765625)), (np.float64(5.0625), Timestamp('2025-03-03 14:35:00+0000', tz='UTC'), np.float64(5947.634948730469)), (np.float64(7.59375), Timestamp('2025-03-03 14:40:00+0000', tz='UTC'), np.float64(5970.087432861328))]","$6,376,144,454.57","$3,188,072,227.29","$24,209,423,475.96","$24,468,454,930.54","$6,117,113,000.00","$1,171,440,757,000.00",$0.00,"$1,000.00","$1,195,909,211,930.54",bullish,2 days 18:00:00,67.35745239257812
2025-03-03 15:05:00+00:00,5939.1298828125,5919.18017578125,5998.97900390625,,5919.18017578125,2025-03-03 18:05:00+00:00,loss,-1.0,SL,"[(-1, Timestamp('2025-03-03 15:05:00+0000', tz='UTC'), np.float64(5919.18017578125))]","$24,468,454,930.54","$12,234,227,465.27","$-12,234,227,465.27","$9,787,382,465.27","$2,446,845,000.00","$1,173,887,602,000.00",$0.00,"$1,000.00","$1,183,674,984,465.27",bullish,0 days 03:00:00,-19.94970703125
2025-03-03 19:05:00+00:00,5909.1201171875,5913.33984375,5896.4609375,5896.4609375,5896.4609375,2025-03-03 19:20:00+00:00,win,3.0,TSL,"[(-1, Timestamp('2025-03-03 19:05:00+0000', tz='UTC'), np.float64(5913.33984375)), (np.float64(3.0), Timestamp('2025-03-03 19:20:00+0000', tz='UTC'), np.float64(5896.4609375))]","$9,787,382,465.27","$4,893,691,232.63","$14,681,073,697.90","$19,574,765,163.17","$4,893,691,000.00","$1,178,781,293,000.00",$0.00,"$1,000.00","$1,198,356,058,163.17",bearish,0 days 00:15:00,12.6591796875
2025-03-03 19:50:00+00:00,5897.93994140625,5917.60009765625,5838.95947265625,5831.5869140625,5831.5869140625,2025-03-03 20:25:00+00:00,win,3.375,TSL,"[(-1, Timestamp('2025-03-03 19:50:00+0000', tz='UTC'), np.float64(5917.60009765625)), (np.float64(1.5), Timestamp('2025-03-03 20:05:00+0000', tz='UTC'), np.float64(5868.44970703125)), (np.float64(2.25), Timestamp('2025-03-03 20:10:00+0000', tz='UTC'), np.float64(5853.70458984375)), (np.float64(3.375), Timestamp('2025-03-03 20:25:00+0000', tz='UTC'), np.float64(5831.5869140625))]","$19,574,765,163.17","$9,787,382,581.59","$33,032,416,212.85","$42,085,745,376.02","$10,521,436,000.00","$1,189,302,729,000.00",$0.00,"$1,000.00","$1,231,388,474,376.02",bearish,0 days 00:35:00,66.35302734375
2025-03-03 20:45:00+00:00,5818.8701171875,5810.91015625,5842.75,5830.81005859375,5830.81005859375,2025-03-03 20:50:00+00:00,win,1.5,TSL,"[(-1, Timestamp('2025-03-03 20:45:00+0000', tz='UTC'), np.float64(5810.91015625)), (np.float64(1.5), Timestamp('2025-03-03 20:50:00+0000', tz='UTC'), np.float64(5830.81005859375))]","$42,085,745,376.02","$21,042,872,688.01","$31,564,309,032.02","$58,920,044,408.04","$14,730,010,000.00","$1,204,032,739,000.00",$0.00,"$1,000.00","$1,262,952,783,408.04",bullish,0 days 00:05:00,11.93994140625
2025-03-04 16:55:00+00:00,5770.669921875,5773.72021484375,5761.51904296875,,5773.72021484375,2025-03-04 17:00:00+00:00,loss,-1.0,SL,"[(-1, Timestamp('2025-03-04 16:55:00+0000', tz='UTC'), np.float64(5773.72021484375))]","$58,920,044,408.04","$29,460,022,204.02","$-29,460,022,204.02","$23,568,018,204.02","$5,892,004,000.00","$1,209,924,743,000.00",$0.00,"$1,000.00","$1,233,492,761,204.02",bearish,0 days 00:05:00,-3.05029296875
2025-03-04 17:10:00+00:00,5767.5400390625,5775.7998046875,5742.7607421875,,5775.7998046875,2025-03-04 17:15:00+00:00,loss,-1.0,SL,"[(-1, Timestamp('2025-03-04 17:10:00+0000', tz='UTC'), np.float64(5775.7998046875))]","$23,568,018,204.02","$11,784,009,102.01","$-11,784,009,102.01","$9,427,208,102.01","$2,356,801,000.00","$1,212,281,544,000.00",$0.00,"$1,000.00","$1,221,708,752,102.01",bearish,0 days 00:05:00,-8.259765625
2025-03-04 17:25:00+00:00,5782.740234375,5788.10009765625,5766.66064453125,,5788.10009765625,2025-03-04 17:30:00+00:00,loss,-1.0,SL,"[(-1, Timestamp('2025-03-04 17:25:00+0000', tz='UTC'), np.float64(5788.10009765625))]","$9,427,208,102.01","$4,713,604,051.01","$-4,713,604,051.01","$3,770,884,051.01","$942,720,000.00","$1,213,224,264,000.00",$0.00,"$1,000.00","$1,216,995,148,051.01",bearish,0 days 00:05:00,-5.35986328125
2025-03-04 18:15:00+00:00,5809.2001953125,5810.91015625,5804.0703125,5793.810546875,5793.810546875,2025-03-04 18:20:00+00:00,win,9.0,TSL,"[(-1, Timestamp('2025-03-04 18:15:00+0000', tz='UTC'), np.float64(5810.91015625)), (np.float64(9.0), Timestamp('2025-03-04 18:20:00+0000', tz='UTC'), np.float64(5793.810546875))]","$3,770,884,051.01","$1,885,442,025.50","$16,968,978,229.52","$16,591,890,280.53","$4,147,972,000.00","$1,217,372,236,000.00",$0.00,"$1,000.00","$1,233,964,126,280.53",bearish,0 days 00:05:00,15.3896484375
2025-03-04 19:35:00+00:00,5823.31005859375,5820.56982421875,5831.53076171875,5831.53076171875,5831.53076171875,2025-03-04 19:40:00+00:00,win,3.0,TSL,"[(-1, Timestamp('2025-03-04 19:35:00+0000', tz='UTC'), np.float64(5820.56982421875)), (np.float64(3.0), Timestamp('2025-03-04 19:40:00+0000', tz='UTC'), np.float64(5831.53076171875))]","$16,591,890,280.53","$8,295,945,140.26","$24,887,835,420.79","$33,183,780,701.32","$8,295,945,000.00","$1,225,668,181,000.00",$0.00,"$1,000.00","$1,258,851,961,701.32",bullish,0 days 00:05:00,8.220703125
2025-03-04 20:30:00+00:00,5851.5,5865.080078125,5810.759765625,5805.667236328125,5805.667236328125,2025-03-04 20:45:00+00:00,win,3.375,TSL,"[(-1, Timestamp('2025-03-04 20:30:00+0000', tz='UTC'), np.float64(5865.080078125)), (np.float64(1.5), Timestamp('2025-03-04 20:35:00+0000', tz='UTC'), np.float64(5831.1298828125)), (np.float64(2.25), Timestamp('2025-03-04 20:40:00+0000', tz='UTC'), np.float64(5820.94482421875)), (np.float64(3.375), Timestamp('2025-03-04 20:45:00+0000', tz='UTC'), np.float64(5805.667236328125))]","$33,183,780,701.32","$16,591,890,350.66","$55,997,629,933.48","$71,345,128,634.81","$17,836,282,000.00","$1,243,504,463,000.00",$0.00,"$1,000.00","$1,314,849,591,634.81",bearish,0 days 00:15:00,45.832763671875
2025-03-05 17:55:00+00:00,5813.080078125,5816.3701171875,5803.2099609375,,5816.3701171875,2025-03-05 18:00:00+00:00,loss,-1.0,SL,"[(-1, Timestamp('2025-03-05 17:55:00+0000', tz='UTC'), np.float64(5816.3701171875))]","$71,345,128,634.81","$35,672,564,317.40","$-35,672,564,317.40","$28,538,052,317.40","$7,134,512,000.00","$1,250,638,975,000.00",$0.00,"$1,000.00","$1,279,177,027,317.40",bearish,0 days 00:05:00,-3.2900390625
2025-03-05 20:35:00+00:00,5844.35986328125,5854.5400390625,5813.8193359375,5829.089599609375,5829.089599609375,2025-03-05 20:55:00+00:00,win,1.5,TSL,"[(-1, Timestamp('2025-03-05 20:35:00+0000', tz='UTC'), np.float64(5854.5400390625)), (np.float64(1.5), Timestamp('2025-03-05 20:55:00+0000', tz='UTC'), np.float64(5829.089599609375))]","$28,538,052,317.40","$14,269,026,158.70","$21,403,539,238.05","$39,953,273,555.46","$9,988,318,000.00","$1,260,627,293,000.00",$0.00,"$1,000.00","$1,300,580,566,555.46",bearish,0 days 00:20:00,15.270263671875
2025-03-06 15:25:00+00:00,5793.25,5798.490234375,5777.529296875,5785.3896484375,5785.3896484375,2025-03-06 15:30:00+00:00,win,1.5,TSL,"[(-1, Timestamp('2025-03-06 15:25:00+0000', tz='UTC'), np.float64(5798.490234375)), (np.float64(1.5), Timestamp('2025-03-06 15:30:00+0000', tz='UTC'), np.float64(5785.3896484375))]","$39,953,273,555.46","$19,976,636,777.73","$29,964,955,166.59","$55,934,583,722.05","$13,983,645,000.00","$1,274,610,938,000.00",$0.00,"$1,000.00","$1,330,545,521,722.05",bearish,0 days 00:05:00,7.8603515625
2025-03-06 16:05:00+00:00,5802.6201171875,5804.35986328125,5797.40087890625,5800.010498046875,5800.010498046875,2025-03-06 16:10:00+00:00,win,1.5,TSL,"[(-1, Timestamp('2025-03-06 16:05:00+0000', tz='UTC'), np.float64(5804.35986328125)), (np.float64(1.5), Timestamp('2025-03-06 16:10:00+0000', tz='UTC'), np.float64(5800.010498046875))]","$55,934,583,722.05","$27,967,291,861.02","$41,950,937,791.54","$78,308,417,513.59","$19,577,104,000.00","$1,294,188,042,000.00",$0.00,"$1,000.00","$1,372,496,459,513.59",bearish,0 days 00:05:00,2.609619140625
2025-03-06 16:15:00+00:00,5804.9501953125,5812.080078125,5783.560546875,5794.25537109375,5794.25537109375,2025-03-06 16:25:00+00:00,win,1.5,TSL,"[(-1, Timestamp('2025-03-06 16:15:00+0000', tz='UTC'), np.float64(5812.080078125)), (np.float64(1.5), Timestamp('2025-03-06 16:25:00+0000', tz='UTC'), np.float64(5794.25537109375))]","$78,308,417,513.59","$39,154,208,756.79","$58,731,313,135.19","$109,631,784,648.78","$27,407,946,000.00","$1,321,595,988,000.00",$0.00,"$1,000.00","$1,431,227,772,648.78",bearish,0 days 00:10:00,10.69482421875
2025-03-06 16:40:00+00:00,5782.97998046875,5810.0400390625,5701.7998046875,5742.389892578125,5742.389892578125,2025-03-06 17:10:00+00:00,win,1.5,TSL,"[(-1, Timestamp('2025-03-06 16:40:00+0000', tz='UTC'), np.float64(5810.0400390625)), (np.float64(1.5), Timestamp('2025-03-06 17:10:00+0000', tz='UTC'), np.float64(5742.389892578125))]","$109,631,784,648.78","$54,815,892,324.39","$82,223,838,486.58","$153,484,499,135.36","$38,371,124,000.00","$1,359,967,112,000.00",$0.00,"$1,000.00","$1,513,451,611,135.36",bearish,0 days 00:30:00,40.590087890625
2025-03-06 18:25:00+00:00,5750.72021484375,5751.68017578125,5747.84033203125,5736.32080078125,5736.32080078125,2025-03-06 18:30:00+00:00,win,15.0,TSL,"[(-1, Timestamp('2025-03-06 18:25:00+0000', tz='UTC'), np.float64(5751.68017578125)), (np.float64(15.0), Timestamp('2025-03-06 18:30:00+0000', tz='UTC'), np.float64(5736.32080078125))]","$153,484,499,135.36","$76,742,249,567.68","$1,151,133,743,515.21","$1,043,694,594,650.57","$260,923,648,000.00","$1,620,890,760,000.00",$0.00,"$1,000.00","$2,664,585,354,650.57",bearish,0 days 00:05:00,14.3994140625
2025-03-06 19:50:00+00:00,5747.64990234375,5752.14013671875,5734.17919921875,5720.70849609375,5720.70849609375,2025-03-06 20:00:00+00:00,win,6.0,TSL,"[(-1, Timestamp('2025-03-06 19:50:00+0000', tz='UTC'), np.float64(5752.14013671875)), (np.float64(6.0), Timestamp('2025-03-06 20:00:00+0000', tz='UTC'), np.float64(5720.70849609375))]","$1,043,694,594,650.57","$521,847,297,325.29","$3,131,083,783,951.72","$3,339,822,703,602.29","$834,955,675,000.00","$2,455,846,435,000.00",$0.00,"$1,000.00","$5,795,669,138,602.29",bearish,0 days 00:10:00,26.94140625
2025-03-06 20:35:00+00:00,5740.2998046875,5752.1201171875,5704.8388671875,5722.5693359375,5722.5693359375,2025-03-07 14:35:00+00:00,win,1.5,TSL,"[(-1, Timestamp('2025-03-06 20:35:00+0000', tz='UTC'), np.float64(5752.1201171875)), (np.float64(1.5), Timestamp('2025-03-07 14:35:00+0000', tz='UTC'), np.float64(5722.5693359375))]","$3,339,822,703,602.29","$1,669,911,351,801.15","$2,504,867,027,701.72","$4,675,751,785,304.01","$1,168,937,946,000.00","$3,624,784,381,000.00",$0.00,"$1,000.00","$8,300,536,166,304.01",bearish,0 days 18:00:00,17.73046875
2025-03-07 14:45:00+00:00,5748.16015625,5755.81982421875,5725.18115234375,,5755.81982421875,2025-03-07 14:50:00+00:00,loss,-1.0,SL,"[(-1, Timestamp('2025-03-07 14:45:00+0000', tz='UTC'), np.float64(5755.81982421875))]","$4,675,751,785,304.01","$2,337,875,892,652.01","$-2,337,875,892,652.01","$1,870,300,714,652.01","$467,575,178,000.00","$4,092,359,559,000.00",$0.00,"$1,000.00","$5,962,660,273,652.01",bearish,0 days 00:05:00,-7.65966796875
2025-03-07 15:00:00+00:00,5750.58984375,5770.47998046875,5690.91943359375,5705.8370361328125,5705.8370361328125,2025-03-07 15:40:00+00:00,win,2.25,TSL,"[(-1, Timestamp('2025-03-07 15:00:00+0000', tz='UTC'), np.float64(5770.47998046875)), (np.float64(1.5), Timestamp('2025-03-07 15:35:00+0000', tz='UTC'), np.float64(5720.754638671875)), (np.float64(2.25), Timestamp('2025-03-07 15:40:00+0000', tz='UTC'), np.float64(5705.8370361328125))]","$1,870,300,714,652.01","$935,150,357,326.00","$2,104,088,303,983.51","$3,179,511,215,635.51","$794,877,803,000.00","$4,887,237,362,000.00",$0.00,"$1,000.00","$8,066,748,577,635.51",bearish,0 days 00:40:00,44.7528076171875
2025-03-07 17:05:00+00:00,5684.18994140625,5694.8798828125,5652.1201171875,,5694.8798828125,2025-03-07 17:30:00+00:00,loss,-1.0,SL,"[(-1, Timestamp('2025-03-07 17:05:00+0000', tz='UTC'), np.float64(5694.8798828125))]","$3,179,511,215,635.51","$1,589,755,607,817.76","$-1,589,755,607,817.76","$1,271,804,486,817.76","$317,951,121,000.00","$5,205,188,483,000.00",$0.00,"$1,000.00","$6,476,992,969,817.76",bearish,0 days 00:25:00,-10.68994140625
2025-03-07 18:25:00+00:00,5736.64990234375,5751.83984375,5691.080078125,,5751.83984375,2025-03-07 18:35:00+00:00,loss,-1.0,SL,"[(-1, Timestamp('2025-03-07 18:25:00+0000', tz='UTC'), np.float64(5751.83984375))]","$1,271,804,486,817.76","$635,902,243,408.88","$-635,902,243,408.88","$508,721,795,408.88","$127,180,448,000.00","$5,332,368,931,000.00",$0.00,"$1,000.00","$5,841,090,726,408.88",bearish,0 days 00:10:00,-15.18994140625
2025-03-07 18:45:00+00:00,5751.39990234375,5758.18994140625,5731.02978515625,,5758.18994140625,2025-03-07 18:50:00+00:00,loss,-1.0,SL,"[(-1, Timestamp('2025-03-07 18:45:00+0000', tz='UTC'), np.float64(5758.18994140625))]","$508,721,795,408.88","$254,360,897,704.44","$-254,360,897,704.44","$203,488,718,704.44","$50,872,179,000.00","$5,383,241,110,000.00",$0.00,"$1,000.00","$5,586,729,828,704.44",bearish,0 days 00:05:00,-6.7900390625
2025-03-07 19:00:00+00:00,5761.75,5762.509765625,5759.470703125,,5762.509765625,2025-03-07 19:05:00+00:00,loss,-1.0,SL,"[(-1, Timestamp('2025-03-07 19:00:00+0000', tz='UTC'), np.float64(5762.509765625))]","$203,488,718,704.44","$101,744,359,352.22","$-101,744,359,352.22","$81,395,488,352.22","$20,348,871,000.00","$5,403,589,981,000.00",$0.00,"$1,000.00","$5,484,985,469,352.22",bearish,0 days 00:05:00,-0.759765625
2025-03-07 19:10:00+00:00,5752.18017578125,5770.990234375,5695.75,,5770.990234375,2025-03-07 19:20:00+00:00,loss,-1.0,SL,"[(-1, Timestamp('2025-03-07 19:10:00+0000', tz='UTC'), np.float64(5770.990234375))]","$81,395,488,352.22","$40,697,744,176.11","$-40,697,744,176.11","$32,558,196,176.11","$8,139,548,000.00","$5,411,729,529,000.00",$0.00,"$1,000.00","$5,444,287,725,176.11",bearish,0 days 00:10:00,-18.81005859375
